,drug,cell_line,pred,target
0,BRD-K02113016,A375,13.468461595180134,14.153
1,BRD-K08109215,A375,12.543866403974494,12.842
2,BRD-K12184916,A375,13.004636475290841,11.366
3,BRD-K12502280,A375,9.967912842205397,11.577
4,BRD-K16730910,A375,14.124132082823554,13.902
5,BRD-K19477839,A375,14.749090553897577,15.0
6,BRD-K21718444,A375,14.287444992464135,12.403
7,BRD-K22134346,A375,15.081806263365866,12.953
8,BRD-K23984367,A375,14.918653442835467,15.768
9,BRD-K35520305,A375,15.497634092131353,12.844
10,BRD-K42828737,A375,13.598281410826235,11.73
11,BRD-K49075727,A375,14.18458852706799,15.669
12,BRD-K49328571,A375,11.50706523292347,11.912
13,BRD-K50168500,A375,14.985896092376766,14.992
14,BRD-K51544265,A375,14.009936114820722,12.737
15,BRD-K54256913,A375,11.691717292716522,9.9041
16,BRD-K56301217,A375,15.670048365939511,14.57
17,BRD-K56343971,A375,11.063023747550279,11.367
18,BRD-K57080016,A375,10.466556763521044,8.3986
19,BRD-K64800655,A375,12.481049088255123,10.167
20,BRD-K66175015,A375,13.878274814777388,13.102
21,BRD-K67578145,A375,11.125513526136206,10.612
22,BRD-K67868012,A375,12.82394543095204,16.286
23,BRD-K68065987,A375,14.758237688535178,14.418
24,BRD-K70301465,A375,15.577080653408917,14.595
25,BRD-K71035033,A375,14.257623397595626,13.561
26,BRD-K74065929,A375,15.921504258515757,14.826
27,BRD-K75295174,A375,13.777165286536775,14.313
28,BRD-K77625799,A375,14.383668324662427,13.457
29,BRD-K77908580,A375,10.822240788827958,12.252
30,BRD-K78431006,A375,12.592178508423377,11.205
31,BRD-K79254416,A375,14.315279702352587,13.913
32,BRD-K81418486,A375,10.636903253305423,12.065
33,BRD-K85606544,A375,14.416869049564344,13.517
34,BRD-K86525559,A375,9.048796239798822,7.5415
35,BRD-K87737963,A375,14.890967768681026,13.573
36,BRD-K88510285,A375,8.783949801741915,12.754
37,BRD-K89162000,A375,13.536461199668953,16.88
38,BRD-K92723993,A375,15.51456469926443,14.063
39,BRD-K93123848,A375,13.105228678964796,11.799
40,BRD-K93754473,A375,15.823643357341485,16.264
41,BRD-K99749624,A375,14.76953951363139,12.608
42,BRD-A01145011,A549,14.886881089083591,13.312
43,BRD-A12230535,A549,13.791674698491466,12.86
44,BRD-A13122391,A549,12.027006273151688,14.331
45,BRD-A28105619,A549,14.77718393627497,9.3213
46,BRD-A36630025,A549,13.852032033263345,12.59
47,BRD-K02113016,A549,14.010575634276893,14.512
48,BRD-K03449891,A549,13.13044269227844,11.277
49,BRD-K08109215,A549,13.99267700298235,14.469
50,BRD-K15108141,A549,12.289909639057829,10.516
51,BRD-K16730910,A549,14.854504297297058,15.048
52,BRD-K19796430,A549,12.94208590999499,14.445
53,BRD-K20755323,A549,14.287187856190986,15.0
54,BRD-K21718444,A549,11.471615387466773,12.678
55,BRD-K22134346,A549,14.219412036594282,14.597
56,BRD-K23984367,A549,15.170521757772054,13.053
57,BRD-K24132293,A549,15.368520867479038,16.181
58,BRD-K24844714,A549,12.42043596934393,14.264
59,BRD-K28360340,A549,11.502143750195206,14.34
60,BRD-K28392481,A549,14.198315771068497,12.692
61,BRD-K34022604,A549,13.904010733149267,9.8142
62,BRD-K34581968,A549,13.975293896283848,12.981
63,BRD-K35960502,A549,14.224226624026688,13.263
64,BRD-K49075727,A549,13.900856720920888,15.369
65,BRD-K49328571,A549,13.642750943560873,10.574
66,BRD-K50128260,A549,14.424651665431885,15.0
67,BRD-K52313696,A549,13.79977774644708,14.735
68,BRD-K53414658,A549,13.8760718940345,12.251
69,BRD-K54256913,A549,13.926348370427082,12.693
70,BRD-K56343971,A549,15.34890652455572,15.535
71,BRD-K63923597,A549,13.480942869561819,14.745
72,BRD-K64052750,A549,15.292533646151856,13.244
73,BRD-K64800655,A549,13.86932217422127,13.974
74,BRD-K64890080,A549,11.752297234402295,7.7396
75,BRD-K66175015,A549,13.755436351661093,11.767
76,BRD-K67868012,A549,12.861786496710966,13.941
77,BRD-K68065987,A549,13.394188367108928,14.443
78,BRD-K70301465,A549,14.492505144782672,14.352
79,BRD-K70401845,A549,13.633007915653298,12.72
80,BRD-K71035033,A549,13.276894634923156,13.612
81,BRD-K74065929,A549,15.094557659270937,13.64
82,BRD-K74514084,A549,13.64954508031649,14.308
83,BRD-K77625799,A549,14.30066237657029,12.521
84,BRD-K77908580,A549,12.21301750987293,12.118
85,BRD-K78659596,A549,15.299954936474524,12.714
86,BRD-K81418486,A549,10.693055335735199,13.078
87,BRD-K81528515,A549,14.066639106803269,16.8
88,BRD-K84937637,A549,10.533437701995627,14.362
89,BRD-K85606544,A549,13.296045569932904,12.922
90,BRD-K87142802,A549,13.882270936950295,14.155
91,BRD-K87737963,A549,13.026886738510644,13.155
92,BRD-K88510285,A549,13.913038525152093,14.473
93,BRD-K89162000,A549,14.367273328761303,14.91
94,BRD-K89732114,A549,16.12822505162403,14.572
95,BRD-K90382497,A549,15.14717488830313,13.478
96,BRD-K92093830,A549,10.719462045428532,9.2968
97,BRD-K92428232,A549,11.934469183598072,8.84
98,BRD-K93123848,A549,15.299749300511099,13.12
99,BRD-K93918653,A549,14.39459921126404,16.477
100,BRD-K99749624,A549,14.619561994443234,13.948
101,BRD-K13566078,BT20,14.170805799601613,12.421
102,BRD-K16478699,BT20,15.515660220859832,14.493
103,BRD-K19540840,BT20,13.521617399499224,13.542
104,BRD-K19687926,BT20,14.228835901990397,13.63
105,BRD-K49328571,BT20,12.1949696399485,10.404
106,BRD-K52911425,BT20,11.237259993444741,11.604
107,BRD-K56343971,BT20,15.311277814292158,13.755
108,BRD-K57080016,BT20,13.43528273213774,14.196
109,BRD-K58772419,BT20,13.732979090868344,11.429
110,BRD-K63068307,BT20,12.121815556745492,12.601
111,BRD-K63923597,BT20,14.911944840383786,13.691
112,BRD-K64800655,BT20,12.622556201493627,12.646
113,BRD-K64890080,BT20,12.442428923864714,9.444
114,BRD-K69932463,BT20,10.474435011436231,8.5543
115,BRD-K90382497,BT20,12.652683823398025,13.656
116,BRD-K92723993,BT20,14.399091612887265,13.825
117,BRD-K70401845,HEPG2,13.206514072561323,11.312
118,BRD-K93367411,HEPG2,13.94562643694194,15.284
119,BRD-A41692738,HS578T,11.188311897187578,14.435
120,BRD-K01436366,HS578T,10.552717789870417,11.971
121,BRD-K03449891,HS578T,13.27472893586837,10.812
122,BRD-K12502280,HS578T,11.053699714456503,11.187
123,BRD-K13566078,HS578T,11.211807419704474,11.508
124,BRD-K16478699,HS578T,13.398771114213492,14.675
125,BRD-K20285085,HS578T,12.57067889987768,13.64
126,BRD-K49075727,HS578T,10.130800204334765,14.75
127,BRD-K49328571,HS578T,9.794036748574218,4.9964
128,BRD-K50168500,HS578T,12.349247875646757,13.221
129,BRD-K52911425,HS578T,8.169863766720642,11.327
130,BRD-K58772419,HS578T,11.550322065712113,14.024
131,BRD-K63068307,HS578T,9.015051565778027,11.116
132,BRD-K64800655,HS578T,9.223869099376248,11.171
133,BRD-K68065987,HS578T,10.273610837663387,10.683
134,BRD-K69932463,HS578T,8.307121714701271,4.5399
135,BRD-K70401845,HS578T,13.104700014130845,18.062
136,BRD-K02113016,HT29,16.278919068673463,15.494
137,BRD-K08109215,HT29,12.125037586188387,16.861
138,BRD-K16730910,HT29,15.546602012561312,15.496
139,BRD-K19540840,HT29,12.343745244297612,14.009
140,BRD-K20285085,HT29,13.568567509068021,14.712
141,BRD-K21718444,HT29,14.122560754810184,13.899
142,BRD-K22134346,HT29,13.058436615318715,15.239
143,BRD-K23984367,HT29,13.97000264735043,13.348
144,BRD-K28392481,HT29,15.769467556360656,13.397
145,BRD-K35520305,HT29,15.34184047810702,16.379
146,BRD-K50168500,HT29,15.008944388501892,13.419
147,BRD-K51544265,HT29,14.362139440083798,13.808
148,BRD-K53414658,HT29,15.291880336971804,13.06
149,BRD-K54256913,HT29,11.62340358818999,15.883
150,BRD-K54640016,HT29,15.728357237911883,15.479
151,BRD-K56343971,HT29,12.407477636742716,15.0
152,BRD-K57080016,HT29,9.301771281659558,12.234
153,BRD-K64052750,HT29,16.11913142889323,13.606
154,BRD-K64800655,HT29,15.023655869559025,13.572
155,BRD-K64890080,HT29,8.695768468039592,12.581
156,BRD-K66175015,HT29,13.224967401297068,13.497
157,BRD-K67868012,HT29,15.77411013832732,15.0
158,BRD-K70401845,HT29,14.004269983891323,14.519
159,BRD-K71035033,HT29,15.34934531788797,13.906
160,BRD-K75295174,HT29,15.359505083013392,16.043
161,BRD-K77908580,HT29,11.821387600404979,14.026
162,BRD-K78431006,HT29,14.20387658417592,12.091
163,BRD-K79254416,HT29,14.934715553616048,15.159
164,BRD-K81418486,HT29,10.280698235217802,12.653
165,BRD-K81528515,HT29,16.18335371291248,14.559
166,BRD-K89162000,HT29,13.43068456880933,14.556
167,BRD-K93123848,HT29,14.494576999165975,14.08
168,BRD-K93754473,HT29,13.993914758790243,14.205
169,BRD-K93918653,HT29,14.177717807455725,15.141
170,BRD-K28392481,JURKAT,14.78082690188312,11.822
171,BRD-K49328571,JURKAT,10.86381932057343,10.786
172,BRD-K53414658,JURKAT,13.7706025198999,13.465
173,BRD-K54256913,JURKAT,4.668963002340139,9.0702
174,BRD-K77625799,JURKAT,12.08448799683406,13.614
175,BRD-K93123848,JURKAT,11.621392030884568,9.8964
176,BRD-K93918653,JURKAT,11.832371239675286,14.735
177,BRD-K81418486,K562,9.519531846917904,11.351
178,BRD-A01145011,MCF7,13.621623075997537,15.71
179,BRD-A02481876,MCF7,15.044904006180264,14.38
180,BRD-A12230535,MCF7,12.866331238582621,11.038
181,BRD-A18763547,MCF7,13.221019875459024,13.583
182,BRD-A28105619,MCF7,12.992450889401017,10.824
183,BRD-A36275421,MCF7,12.666723052231351,12.999
184,BRD-A41692738,MCF7,11.650463019600057,12.859
185,BRD-K00627859,MCF7,12.643001423914985,14.206
186,BRD-K01121114,MCF7,14.021513243342657,15.897
187,BRD-K02407574,MCF7,8.975478351690345,11.719
188,BRD-K04466929,MCF7,11.802198778470984,13.072
189,BRD-K05649647,MCF7,13.292157535870547,14.229
190,BRD-K05653692,MCF7,14.613525987131926,13.25
191,BRD-K06792661,MCF7,11.946171733771667,8.9755
192,BRD-K06854232,MCF7,12.415104602150041,12.98
193,BRD-K09907482,MCF7,14.410540978755694,15.567
194,BRD-K12502280,MCF7,9.926865234287835,11.215
195,BRD-K15563106,MCF7,13.489946462385479,13.671
196,BRD-K16189898,MCF7,15.847372701740188,15.531
197,BRD-K16478699,MCF7,12.70016050805275,17.48
198,BRD-K16730910,MCF7,14.06561343940091,14.825
199,BRD-K19540840,MCF7,11.539380466879766,12.646
200,BRD-K19687926,MCF7,12.485324318020321,13.634
201,BRD-K19796430,MCF7,13.063312449387741,14.137
202,BRD-K20285085,MCF7,13.18038832846371,16.235
203,BRD-K20755323,MCF7,12.335389076545244,14.867
204,BRD-K22134346,MCF7,14.130156833533011,14.685
205,BRD-K24844714,MCF7,13.656221174698022,13.413
206,BRD-K25311561,MCF7,14.79925242714437,13.594
207,BRD-K28392481,MCF7,13.637860791649747,12.888
208,BRD-K28907958,MCF7,13.29743417360378,12.122
209,BRD-K29313308,MCF7,11.357559347811435,14.228
210,BRD-K34022604,MCF7,14.580434234238101,12.515
211,BRD-K35520305,MCF7,15.053409903124862,14.82
212,BRD-K35960502,MCF7,10.854789783454908,12.54
213,BRD-K37720887,MCF7,13.729135507017691,11.611
214,BRD-K43389698,MCF7,11.990657372317106,8.2161
215,BRD-K50140147,MCF7,10.961255573730728,9.6978
216,BRD-K50168500,MCF7,13.201244440020037,13.613
217,BRD-K51544265,MCF7,14.32084831511354,13.163
218,BRD-K52911425,MCF7,12.419815125766537,9.2512
219,BRD-K53414658,MCF7,14.504849827851718,13.992
220,BRD-K53972329,MCF7,13.669019771055265,14.928
221,BRD-K54606188,MCF7,10.029913958364137,10.07
222,BRD-K56301217,MCF7,15.523187515424002,16.317
223,BRD-K56343971,MCF7,13.885561933464533,16.018
224,BRD-K57080016,MCF7,14.024771842541146,13.175
225,BRD-K58772419,MCF7,12.074673335726107,12.319
226,BRD-K63923597,MCF7,12.072658046468906,11.932
227,BRD-K64052750,MCF7,15.092185909733008,14.015
228,BRD-K64800655,MCF7,11.671933828063903,10.832
229,BRD-K64890080,MCF7,9.84055307382339,8.7699
230,BRD-K66175015,MCF7,15.659547622692163,10.153
231,BRD-K67578145,MCF7,15.778826987323942,16.314
232,BRD-K67868012,MCF7,14.763386052754345,14.609
233,BRD-K68065987,MCF7,13.650354128416826,11.345
234,BRD-K70401845,MCF7,14.495887417290238,14.81
235,BRD-K71035033,MCF7,14.882704247783682,13.28
236,BRD-K74514084,MCF7,15.198183671555558,13.281
237,BRD-K75295174,MCF7,11.413893676786234,14.882
238,BRD-K75308783,MCF7,14.913054322200242,16.815
239,BRD-K77625799,MCF7,14.815704406174678,14.633
240,BRD-K78659596,MCF7,13.407793830224069,12.896
241,BRD-K79254416,MCF7,15.338793458077863,14.691
242,BRD-K81418486,MCF7,10.259924597433656,10.815
243,BRD-K81528515,MCF7,14.783140882423073,15.394
244,BRD-K84937637,MCF7,13.093268909254608,8.4275
245,BRD-K85133207,MCF7,11.37477931993742,14.469
246,BRD-K85606544,MCF7,11.911456293065203,14.127
247,BRD-K87142802,MCF7,14.477831533411905,15.0
248,BRD-K87737963,MCF7,13.296913225993695,14.355
249,BRD-K89391146,MCF7,15.594468389793906,16.008
250,BRD-K89732114,MCF7,14.6402657661768,13.505
251,BRD-K92093830,MCF7,10.811331589330212,9.8217
252,BRD-K92241597,MCF7,14.178409455914949,12.49
253,BRD-K92428232,MCF7,11.195604645810068,9.3879
254,BRD-K92723993,MCF7,13.919396221976672,15.062
255,BRD-K93123848,MCF7,14.38014545272647,14.287
256,BRD-K93918653,MCF7,14.746775194881753,14.093
257,BRD-K99749624,MCF7,14.184179136946614,11.594
258,BRD-A41692738,MDAMB231,13.478058976216222,13.258
259,BRD-K01436366,MDAMB231,10.969918432521286,14.299
260,BRD-K03449891,MDAMB231,13.099712842476197,11.465
261,BRD-K12502280,MDAMB231,12.3199227159128,11.661
262,BRD-K16478699,MDAMB231,14.388066532216204,14.667
263,BRD-K19540840,MDAMB231,11.925678664100634,11.819
264,BRD-K19687926,MDAMB231,12.5457127342758,13.903
265,BRD-K28392481,MDAMB231,13.654600511711852,13.503
266,BRD-K49075727,MDAMB231,12.744298583564547,14.143
267,BRD-K50168500,MDAMB231,13.06284638379707,12.615
268,BRD-K51544265,MDAMB231,13.319074712876432,12.095
269,BRD-K52911425,MDAMB231,12.06124177079612,13.078
270,BRD-K53972329,MDAMB231,14.617958437026505,13.902
271,BRD-K54256913,MDAMB231,11.479506529134301,12.793
272,BRD-K58772419,MDAMB231,13.183278670418463,13.179
273,BRD-K60866521,MDAMB231,14.652974775232952,14.037
274,BRD-K63068307,MDAMB231,10.912451533603917,12.888
275,BRD-K64052750,MDAMB231,13.633345996154436,12.915
276,BRD-K64800655,MDAMB231,11.07497580162742,12.473
277,BRD-K64890080,MDAMB231,8.873504166692033,8.2157
278,BRD-K67868012,MDAMB231,10.55073491044725,13.333
279,BRD-K69932463,MDAMB231,9.31124173715789,10.081
280,BRD-K70401845,MDAMB231,15.128129927827946,14.333
281,BRD-K74065929,MDAMB231,13.101781210761306,13.74
282,BRD-K74514084,MDAMB231,14.923264878743726,13.782
283,BRD-K77625799,MDAMB231,15.596543923524951,12.737
284,BRD-K77908580,MDAMB231,8.758777066719563,12.057
285,BRD-K78431006,MDAMB231,11.429944697904421,11.598
286,BRD-K81418486,MDAMB231,7.725586222662561,12.16
287,BRD-K81528515,MDAMB231,13.991338829041343,14.752
288,BRD-K87737963,MDAMB231,12.752958571675595,12.831
289,BRD-K90382497,MDAMB231,12.403433662326211,14.358
290,BRD-K92428232,MDAMB231,12.194719644711359,8.584
291,BRD-K93918653,MDAMB231,13.87729683456148,15.29
292,BRD-K08109215,MINO,10.340819505907849,8.5363
293,BRD-K19295594,MINO,13.274238992843312,11.162
294,BRD-K19687926,MINO,12.326818555633782,12.219
295,BRD-K49328571,MINO,11.732152868711456,6.7399
296,BRD-K60866521,MINO,12.68734791041054,13.636
297,BRD-K71035033,MINO,11.367959689119903,13.309
298,BRD-K81418486,MINO,5.41392626555005,9.9463
299,BRD-K81528515,MINO,13.509791075089812,14.673
300,BRD-K88510285,MINO,0.9429822293722523,10.398
301,BRD-K81418486,OCILY10,2.6070976979837512,10.71
302,BRD-K81418486,OCILY19,5.993791149671144,11.637
303,BRD-K81418486,OCILY3,9.902470353488571,10.715
304,BRD-A12230535,PC3,14.903253683251979,14.836
305,BRD-K02113016,PC3,14.144356004749898,14.733
306,BRD-K02130563,PC3,9.614508035675318,9.9078
307,BRD-K03449891,PC3,13.8986614150778,12.586
308,BRD-K08109215,PC3,11.87657139865728,15.59
309,BRD-K09951645,PC3,14.42827815118726,14.787
310,BRD-K12184916,PC3,12.128318195354769,10.383
311,BRD-K12502280,PC3,10.539896964442892,14.395
312,BRD-K13662825,PC3,8.945084121269748,9.6294
313,BRD-K16730910,PC3,15.585749675262651,12.68
314,BRD-K17743125,PC3,11.862984382196874,11.569
315,BRD-K19477839,PC3,16.77211493269424,15.012
316,BRD-K19687926,PC3,12.942105573740424,14.621
317,BRD-K20285085,PC3,14.612229140639716,14.472
318,BRD-K21718444,PC3,13.270584491106593,14.396
319,BRD-K23984367,PC3,16.544448688307103,12.535
320,BRD-K29313308,PC3,14.203000892329602,14.302
321,BRD-K35520305,PC3,14.18106052931596,15.273
322,BRD-K37764012,PC3,9.768709423825431,9.8963
323,BRD-K45681478,PC3,15.163063963708328,14.307
324,BRD-K49075727,PC3,15.072653341531282,14.215
325,BRD-K49328571,PC3,15.049816059271667,11.064
326,BRD-K50168500,PC3,13.601292570450415,12.516
327,BRD-K51544265,PC3,13.9163092591936,13.908
328,BRD-K52313696,PC3,12.586359707411066,14.277
329,BRD-K52911425,PC3,14.79234215998854,12.86
330,BRD-K54256913,PC3,13.329724895884215,13.949
331,BRD-K56301217,PC3,13.911073718573949,14.045
332,BRD-K56343971,PC3,14.50770863223595,14.158
333,BRD-K60866521,PC3,12.562609044216448,14.001
334,BRD-K64052750,PC3,14.95081080350467,14.621
335,BRD-K64800655,PC3,11.34439555619922,14.108
336,BRD-K64890080,PC3,10.884577217288825,14.427
337,BRD-K66175015,PC3,12.8190695470302,12.495
338,BRD-K67868012,PC3,13.411457807634338,10.505
339,BRD-K70301465,PC3,14.9397157748861,14.803
340,BRD-K70401845,PC3,12.397620496892433,14.78
341,BRD-K74065929,PC3,14.054151782034456,13.809
342,BRD-K74514084,PC3,13.38212397975376,13.975
343,BRD-K81418486,PC3,11.886202211611636,14.237
344,BRD-K81528515,PC3,13.178790084572643,14.008
345,BRD-K84937637,PC3,13.95512343387286,10.108
346,BRD-K85133207,PC3,15.377392346741932,15.275
347,BRD-K85606544,PC3,11.748679180038426,14.306
348,BRD-K86525559,PC3,11.228094450496247,11.874
349,BRD-K88742110,PC3,15.438162855875067,14.837
350,BRD-K89162000,PC3,13.960500929431806,14.059
351,BRD-K89732114,PC3,14.184126120706697,14.846
352,BRD-K92428232,PC3,12.718986491290753,11.758
353,BRD-K93754473,PC3,14.94858926409238,14.911
354,BRD-K93918653,PC3,15.196669430655607,14.575
355,BRD-K99749624,PC3,13.904124295228872,14.114
356,BRD-A41692738,SKBR3,11.845567784128708,13.829
357,BRD-K01436366,SKBR3,10.143938386850596,13.504
358,BRD-K03449891,SKBR3,12.707081189722931,11.445
359,BRD-K13566078,SKBR3,10.353684661622925,11.501
360,BRD-K16189898,SKBR3,11.675302101830699,14.466
361,BRD-K19540840,SKBR3,11.748630848764538,13.181
362,BRD-K20285085,SKBR3,12.25672506327776,14.236
363,BRD-K43389698,SKBR3,6.170323237814547,7.793
364,BRD-K50140147,SKBR3,11.267112259780834,11.488
365,BRD-K52911425,SKBR3,6.3203757119765,8.0065
366,BRD-K57080016,SKBR3,12.492623240269086,14.873
367,BRD-K58772419,SKBR3,13.638963592170445,9.1694
368,BRD-K63068307,SKBR3,5.919808074272102,9.9067
369,BRD-K63923597,SKBR3,15.275773521050201,14.571
370,BRD-K64052750,SKBR3,8.647557768034336,9.8972
371,BRD-K64800655,SKBR3,8.791985932964781,10.813
372,BRD-K67868012,SKBR3,5.986293315733566,11.391
373,BRD-K78431006,SKBR3,13.719977557589505,12.625
374,BRD-K99749624,SKBR3,11.276171887223473,11.716
375,BRD-A09722536,THP1,15.363768490900885,16.61
376,BRD-A28746609,THP1,10.964249207240346,2.3202
377,BRD-K19295594,THP1,12.359859843052096,11.434
378,BRD-K19540840,THP1,13.443567548114448,14.405
379,BRD-K19687926,THP1,13.950558034656115,12.943
380,BRD-K28392481,THP1,11.194564945627167,13.313
381,BRD-K50168500,THP1,10.979584866916003,10.324
382,BRD-K54606188,THP1,9.155681593881855,6.2252
383,BRD-K57080016,THP1,6.727237843395234,6.992
384,BRD-K62391742,THP1,12.547331263178013,12.063
385,BRD-K64052750,THP1,13.243109098006858,12.648
386,BRD-K66175015,THP1,10.333950483041964,9.3681
387,BRD-K67844266,THP1,7.900461037991296,5.7726
388,BRD-K72420232,THP1,12.034033313098963,12.235
389,BRD-K77908580,THP1,7.438919036514382,10.569
390,BRD-K78431006,THP1,12.694555099371133,11.665
391,BRD-K79254416,THP1,12.32627623260446,13.84
392,BRD-K81458380,THP1,13.242788769881304,11.226
393,BRD-K81528515,THP1,13.67040868684369,11.723
394,BRD-K88510285,THP1,12.491863462904167,12.795
395,BRD-K92723993,THP1,13.440672939490742,14.89
396,BRD-K99749624,THP1,10.671983949492915,12.36
397,BRD-K51544265,U2OS,16.824980977387487,10.038
398,BRD-K64800655,U2OS,11.735881601542747,8.1047
399,BRD-K81418486,VCAP,5.4902752413764135,11.19
400,BRD-K12184916,YAPC,18.897800831192786,11.937
401,BRD-K16730910,YAPC,15.182334054472722,16.008
402,BRD-K19477839,YAPC,16.254820817571204,15.332
403,BRD-K21718444,YAPC,12.726682269996491,13.831
404,BRD-K28392481,YAPC,14.968821968767816,12.809
405,BRD-K51544265,YAPC,13.565064877767373,13.563
406,BRD-K54256913,YAPC,12.274389481097206,12.603
407,BRD-K56343971,YAPC,17.40115831932501,16.279
408,BRD-K60866521,YAPC,13.977185529140389,14.651
409,BRD-K71035033,YAPC,13.953282017669995,13.398
410,BRD-K74065929,YAPC,12.78575385342133,14.855
411,BRD-K77908580,YAPC,11.902682458050936,14.261
412,BRD-K78431006,YAPC,13.942862082662419,11.243
413,BRD-K89732114,YAPC,17.9440219821518,14.425
414,BRD-K92428232,YAPC,12.328664077094391,12.538
415,BRD-K93918653,YAPC,12.982313679226468,15.0
416,BRD-A12230535,A375,14.03815740634333,11.256
417,BRD-K02113016,A375,14.620264064996164,14.153
418,BRD-K03449891,A375,11.498960071858633,10.469
419,BRD-K12184916,A375,13.425194745657578,11.366
420,BRD-K16478699,A375,13.013259377701175,11.371
421,BRD-K19540840,A375,14.092322904004746,14.289
422,BRD-K19687926,A375,15.299417801683617,13.598
423,BRD-K20285085,A375,14.338109737684832,16.147
424,BRD-K21718444,A375,13.387501097587702,12.403
425,BRD-K22134346,A375,14.818723603752133,12.953
426,BRD-K23984367,A375,17.16036958432086,15.768
427,BRD-K28392481,A375,17.19641705296796,12.53
428,BRD-K50168500,A375,14.212533375100534,14.992
429,BRD-K51544265,A375,15.42431639732662,12.737
430,BRD-K52313696,A375,16.492845307436724,13.992
431,BRD-K52911425,A375,17.527340255183972,13.506
432,BRD-K53414658,A375,15.568077631613633,13.936
433,BRD-K56343971,A375,12.358045565263197,11.367
434,BRD-K57080016,A375,12.614027260001208,8.3986
435,BRD-K60866521,A375,15.260983846967761,15.0
436,BRD-K64052750,A375,16.574829802939476,17.644
437,BRD-K64785675,A375,17.417206080935344,15.346
438,BRD-K64800655,A375,15.184083701148452,10.167
439,BRD-K64890080,A375,11.33138090313345,7.6835
440,BRD-K66175015,A375,15.129792818681054,13.102
441,BRD-K67578145,A375,12.56297602102508,10.612
442,BRD-K70401845,A375,14.644384522589021,13.285
443,BRD-K71035033,A375,14.910340598268945,13.561
444,BRD-K74065929,A375,14.688239398770989,14.826
445,BRD-K74514084,A375,14.82130472508642,14.833
446,BRD-K75295174,A375,11.230580794376252,14.313
447,BRD-K77625799,A375,16.854041420039735,13.457
448,BRD-K79254416,A375,14.018772218529321,13.913
449,BRD-K81528515,A375,15.53886349171809,14.017
450,BRD-K86525559,A375,7.056427009605969,7.5415
451,BRD-K87737963,A375,14.349475688452472,13.573
452,BRD-K88510285,A375,8.751015489712032,12.754
453,BRD-K89732114,A375,16.26248125840972,13.987
454,BRD-K92428232,A375,11.338627572046235,5.7314
455,BRD-K93123848,A375,10.66979274440179,11.799
456,BRD-K93918653,A375,15.423436142808228,17.096
457,BRD-K99749624,A375,15.763462693433453,12.608
458,BRD-A01145011,A549,15.947030034833475,13.312
459,BRD-A02481876,A549,14.929929618914471,14.796
460,BRD-A12230535,A549,13.103901008666426,12.86
461,BRD-A13122391,A549,8.200134297554783,14.331
462,BRD-A18763547,A549,12.544739438240882,14.594
463,BRD-A35588707,A549,10.012114849902574,11.899
464,BRD-K01121114,A549,14.24145287341618,14.352
465,BRD-K02113016,A549,13.31878895497347,14.512
466,BRD-K02130563,A549,5.4676049505876705,6.3812
467,BRD-K02407574,A549,11.750175802673326,12.742
468,BRD-K05649647,A549,15.226364881316854,14.805
469,BRD-K05653692,A549,15.28867887068931,14.253
470,BRD-K06792661,A549,9.88622736280935,10.54
471,BRD-K06854232,A549,15.136052229585871,15.0
472,BRD-K07303502,A549,14.708031486240102,11.891
473,BRD-K08109215,A549,14.365211652421422,14.469
474,BRD-K08417745,A549,14.484813860286081,14.068
475,BRD-K09499853,A549,13.141625522051314,12.987
476,BRD-K09907482,A549,13.777750025267679,15.0
477,BRD-K12184916,A549,10.609238206865044,11.206
478,BRD-K15108141,A549,12.564337764530265,10.516
479,BRD-K15563106,A549,14.58189921096563,14.404
480,BRD-K16730910,A549,12.728481289766947,15.048
481,BRD-K19352500,A549,14.163338475011201,13.523
482,BRD-K19540840,A549,12.797372154791915,11.93
483,BRD-K19687926,A549,13.291414480576023,13.571
484,BRD-K19796430,A549,14.50769092325153,14.445
485,BRD-K20285085,A549,13.998189987894207,15.0
486,BRD-K22134346,A549,15.316949688002993,14.597
487,BRD-K24844714,A549,13.872134997709296,14.264
488,BRD-K28360340,A549,10.83189880395254,14.34
489,BRD-K28392481,A549,14.020499431209387,12.692
490,BRD-K28907958,A549,13.458776921669156,12.213
491,BRD-K34022604,A549,12.291112617880472,9.8142
492,BRD-K35520305,A549,11.558262554998251,16.307
493,BRD-K35960502,A549,12.284810671753817,13.263
494,BRD-K49075727,A549,11.950545595534109,15.369
495,BRD-K49328571,A549,10.713890418697602,10.574
496,BRD-K50168500,A549,13.117999274190211,14.175
497,BRD-K51544265,A549,13.750904569988634,12.558
498,BRD-K53414658,A549,13.682781905839093,12.251
499,BRD-K56301217,A549,15.124037510964527,14.655
500,BRD-K56343971,A549,14.024747431196161,15.535
501,BRD-K57080016,A549,12.934250186319119,12.048
502,BRD-K60866521,A549,14.140637974573693,14.962
503,BRD-K62391742,A549,13.953218110976891,13.467
504,BRD-K64052750,A549,13.69771487706943,13.244
505,BRD-K64800655,A549,12.257478776533858,13.974
506,BRD-K70401845,A549,14.625164214140469,12.72
507,BRD-K71035033,A549,14.914549638267559,13.612
508,BRD-K74065929,A549,15.620526022439222,13.64
509,BRD-K74514084,A549,13.866051269900723,14.308
510,BRD-K75295174,A549,13.576109534932485,12.13
511,BRD-K76674262,A549,6.429775738999197,8.9999
512,BRD-K77625799,A549,14.359225265302953,12.521
513,BRD-K77908580,A549,14.786005667086684,12.118
514,BRD-K78431006,A549,14.17048539267411,11.616
515,BRD-K78659596,A549,14.326180984190401,12.714
516,BRD-K79254416,A549,15.413466622578326,14.034
517,BRD-K81418486,A549,10.613213857622682,13.078
518,BRD-K82746043,A549,15.258071871266125,15.0
519,BRD-K85606544,A549,11.75390185640073,12.922
520,BRD-K88025533,A549,13.609582051239741,12.912
521,BRD-K89391146,A549,16.7768617536657,14.308
522,BRD-K92093830,A549,9.907494011397617,9.2968
523,BRD-K92723993,A549,15.349006931118097,16.451
524,BRD-K93754473,A549,15.448093264976265,15.0
525,BRD-K93918653,A549,14.111878306950203,16.477
526,BRD-K01436366,BT20,11.876978884693031,14.72
527,BRD-K13566078,BT20,14.720102887117392,12.421
528,BRD-K16478699,BT20,13.583237674915281,14.493
529,BRD-K19540840,BT20,14.338489312226685,13.542
530,BRD-K20285085,BT20,13.75783116376978,13.983
531,BRD-K49328571,BT20,12.532700900412365,10.404
532,BRD-K50140147,BT20,14.056997474534356,11.807
533,BRD-K52911425,BT20,9.210721214413084,11.604
534,BRD-K58772419,BT20,9.617117910419225,11.429
535,BRD-K63068307,BT20,9.953746989619972,12.601
536,BRD-K63923597,BT20,13.330374586937538,13.691
537,BRD-K68065987,BT20,10.933694409872388,13.662
538,BRD-K78431006,BT20,13.08463200175369,13.674
539,BRD-K85606544,BT20,11.605018392873163,13.381
540,BRD-K90382497,BT20,12.786494040917788,13.656
541,BRD-K92723993,BT20,14.439696470352501,13.825
542,BRD-K74514084,HEPG2,11.723132854318024,12.778
543,BRD-K81418486,HEPG2,7.091690711414017,10.736
544,BRD-K93754473,HEPG2,13.125327179351657,15.744
545,BRD-K01436366,HS578T,13.667590795314041,11.971
546,BRD-K03449891,HS578T,14.106519214358073,10.812
547,BRD-K12343256,HS578T,18.455582999838853,10.692
548,BRD-K12502280,HS578T,13.003942128289864,11.187
549,BRD-K16478699,HS578T,14.093266170859593,14.675
550,BRD-K19687926,HS578T,14.161549124932222,13.109
551,BRD-K50140147,HS578T,12.365063761246589,11.938
552,BRD-K50168500,HS578T,14.365272639500304,13.221
553,BRD-K53972329,HS578T,16.765657360332185,14.288
554,BRD-K58772419,HS578T,12.02185950371394,14.024
555,BRD-K63068307,HS578T,9.5952725579249,11.116
556,BRD-K64890080,HS578T,11.881716351928404,6.9525
557,BRD-K67868012,HS578T,10.65890220075029,8.7765
558,BRD-K68065987,HS578T,10.618339995650118,10.683
559,BRD-K69932463,HS578T,8.864856763969115,4.5399
560,BRD-K78431006,HS578T,13.34130637326895,10.165
561,BRD-K81528515,HS578T,16.41077347305408,14.683
562,BRD-K85606544,HS578T,12.712306190197083,10.806
563,BRD-K92723993,HS578T,14.836156433103284,10.374
564,BRD-K99749624,HS578T,15.686724107167393,11.311
565,BRD-A12230535,HT29,14.286077674746153,14.645
566,BRD-K02113016,HT29,15.23862641415134,15.494
567,BRD-K03449891,HT29,12.408010446601693,14.944
568,BRD-K08109215,HT29,12.908806979054603,16.861
569,BRD-K16730910,HT29,12.73416176806576,15.496
570,BRD-K19477839,HT29,13.799624407834031,14.489
571,BRD-K19540840,HT29,14.015716535281868,14.009
572,BRD-K19687926,HT29,14.613054097094292,13.859
573,BRD-K20285085,HT29,14.250817845680231,14.712
574,BRD-K22134346,HT29,14.49263183348559,15.239
575,BRD-K23984367,HT29,14.604591587955056,13.348
576,BRD-K49075727,HT29,13.202841703907339,14.733
577,BRD-K49328571,HT29,11.745949549215666,12.821
578,BRD-K51544265,HT29,14.977882887188699,13.808
579,BRD-K52911425,HT29,13.130119324674197,13.68
580,BRD-K53414658,HT29,15.74171948951654,13.06
581,BRD-K54256913,HT29,11.878247001406308,15.883
582,BRD-K56301217,HT29,16.038668965916614,14.579
583,BRD-K56343971,HT29,13.83399818812542,15.0
584,BRD-K60866521,HT29,15.227235086116721,15.0
585,BRD-K64800655,HT29,13.36682685929874,13.572
586,BRD-K64890080,HT29,8.51809179013118,12.581
587,BRD-K66175015,HT29,13.055202442900978,13.497
588,BRD-K67868012,HT29,15.162183405488591,15.0
589,BRD-K68065987,HT29,13.332183566095196,14.54
590,BRD-K74065929,HT29,14.999722464339712,15.377
591,BRD-K74514084,HT29,14.864062832474715,13.975
592,BRD-K77625799,HT29,15.30045120760441,14.8
593,BRD-K77908580,HT29,13.832148397576148,14.026
594,BRD-K78431006,HT29,13.891836503314053,12.091
595,BRD-K85606544,HT29,12.38824023127053,14.96
596,BRD-K87737963,HT29,13.988296044060704,14.589
597,BRD-K89162000,HT29,13.867078527222944,14.556
598,BRD-K89732114,HT29,14.391190910666424,13.91
599,BRD-K92428232,HT29,10.38097250421778,12.231
600,BRD-K92723993,HT29,14.666962396735713,14.139
601,BRD-K99749624,HT29,14.76375008694255,12.875
602,BRD-K49328571,JURKAT,9.413717471859755,10.786
603,BRD-K51544265,JURKAT,10.046068762563678,15.189
604,BRD-K53414658,JURKAT,9.941778856582246,13.465
605,BRD-K54256913,JURKAT,8.788069327197618,9.0702
606,BRD-K74065929,JURKAT,10.515865968470521,14.054
607,BRD-K74514084,JURKAT,10.868871264831355,12.079
608,BRD-K77625799,JURKAT,11.54171397501365,13.614
609,BRD-K92428232,JURKAT,8.57744679843644,2.9811
610,BRD-K93918653,JURKAT,10.54047585453624,14.735
611,BRD-A13122391,MCF7,9.096989175973377,11.367
612,BRD-A18763547,MCF7,13.534753376149993,13.583
613,BRD-A28105619,MCF7,10.103730011579401,10.824
614,BRD-A35588707,MCF7,10.080126552434095,13.153
615,BRD-A36275421,MCF7,16.81097062996936,12.999
616,BRD-A36630025,MCF7,9.969219255955082,13.801
617,BRD-K00627859,MCF7,16.15258923794535,14.206
618,BRD-K01567962,MCF7,16.412023456692523,14.162
619,BRD-K02113016,MCF7,13.855405126027009,14.772
620,BRD-K02130563,MCF7,9.670552660306058,4.9771
621,BRD-K04466929,MCF7,13.255339995108912,13.072
622,BRD-K05649647,MCF7,13.922212572475829,14.229
623,BRD-K07303502,MCF7,14.477178208112392,14.498
624,BRD-K08417745,MCF7,15.278989465593796,13.589
625,BRD-K09499853,MCF7,11.80162555195524,10.23
626,BRD-K13566078,MCF7,11.976288214020443,12.452
627,BRD-K15108141,MCF7,11.278968467890095,12.542
628,BRD-K15563106,MCF7,14.893072703551198,13.671
629,BRD-K16478699,MCF7,14.02315492088782,17.48
630,BRD-K19352500,MCF7,15.717138088992684,12.85
631,BRD-K19416115,MCF7,12.782914203158512,13.489
632,BRD-K19477839,MCF7,14.7078434267777,15.283
633,BRD-K19540840,MCF7,14.46776228057594,12.646
634,BRD-K19687926,MCF7,14.07612793410216,13.634
635,BRD-K19796430,MCF7,14.184024736670167,14.137
636,BRD-K20755323,MCF7,15.711906629982096,14.867
637,BRD-K21718444,MCF7,15.164901125224347,12.836
638,BRD-K23984367,MCF7,12.069220138459869,14.078
639,BRD-K24132293,MCF7,14.3845514863241,13.309
640,BRD-K29313308,MCF7,15.735594028387382,14.228
641,BRD-K37720887,MCF7,16.37553924536202,11.611
642,BRD-K45681478,MCF7,12.396448017589151,15.072
643,BRD-K47503321,MCF7,13.695509513600783,14.169
644,BRD-K49075727,MCF7,12.545698073295412,14.306
645,BRD-K49328571,MCF7,14.40760534539369,12.295
646,BRD-K50128260,MCF7,16.15378029507373,14.052
647,BRD-K50140147,MCF7,10.969898865085852,9.6978
648,BRD-K51544265,MCF7,14.699007028364818,13.163
649,BRD-K51575138,MCF7,13.911136558104445,13.29
650,BRD-K53414658,MCF7,15.298403056604585,13.992
651,BRD-K53972329,MCF7,15.459245705724484,14.928
652,BRD-K54256913,MCF7,12.954195475576185,12.444
653,BRD-K54606188,MCF7,8.599226092120503,10.07
654,BRD-K56343971,MCF7,15.70167701318259,16.018
655,BRD-K60866521,MCF7,15.512752579371991,13.284
656,BRD-K63923597,MCF7,11.842921810344038,11.932
657,BRD-K67844266,MCF7,14.146597987775422,11.528
658,BRD-K67868012,MCF7,12.374506420943035,14.609
659,BRD-K69932463,MCF7,8.128472971834313,6.6189
660,BRD-K74065929,MCF7,15.37559809899939,15.0
661,BRD-K75308783,MCF7,16.090236161811177,16.815
662,BRD-K77908580,MCF7,13.911432851172563,10.274
663,BRD-K78431006,MCF7,13.498296828713038,10.117
664,BRD-K81418486,MCF7,13.898699231227639,10.815
665,BRD-K81528515,MCF7,15.147062476386182,15.394
666,BRD-K82746043,MCF7,14.960582295732834,14.111
667,BRD-K85133207,MCF7,17.024849009598043,14.469
668,BRD-K87142802,MCF7,15.505085124502116,15.0
669,BRD-K87737963,MCF7,14.189865032981416,14.355
670,BRD-K88510285,MCF7,13.24924707184222,14.242
671,BRD-K88742110,MCF7,15.38878522913366,14.441
672,BRD-K89162000,MCF7,13.865214930951552,15.835
673,BRD-K89732114,MCF7,13.396610129324372,13.505
674,BRD-K92093830,MCF7,8.844769021602374,9.8217
675,BRD-K92241597,MCF7,16.017911478797046,12.49
676,BRD-K92428232,MCF7,12.777327018395809,9.3879
677,BRD-K93123848,MCF7,16.537947239140763,14.287
678,BRD-K93754473,MCF7,14.846698130684118,12.736
679,BRD-K93918653,MCF7,14.22912697278754,14.093
680,BRD-K99749624,MCF7,14.148295919582338,11.594
681,BRD-K02113016,MDAMB231,15.919630008707955,14.343
682,BRD-K12502280,MDAMB231,12.194407294088833,11.661
683,BRD-K13566078,MDAMB231,14.32606645285081,12.952
684,BRD-K16189898,MDAMB231,16.409190853567353,14.284
685,BRD-K19540840,MDAMB231,13.36327065141144,11.819
686,BRD-K19687926,MDAMB231,15.410219008543677,13.903
687,BRD-K20285085,MDAMB231,14.618387167963888,13.566
688,BRD-K43389698,MDAMB231,9.836768452804236,10.476
689,BRD-K49075727,MDAMB231,14.452427523747488,14.143
690,BRD-K49328571,MDAMB231,9.8166961979165,7.327
691,BRD-K50140147,MDAMB231,13.412757551391238,11.269
692,BRD-K51544265,MDAMB231,14.08275394404781,12.095
693,BRD-K53414658,MDAMB231,14.742667748082354,13.538
694,BRD-K53972329,MDAMB231,15.33653396848878,13.902
695,BRD-K56301217,MDAMB231,14.462801429669199,14.172
696,BRD-K56343971,MDAMB231,14.832578197249418,15.0
697,BRD-K57080016,MDAMB231,14.646651988331328,11.119
698,BRD-K58772419,MDAMB231,15.03915354954394,13.179
699,BRD-K63923597,MDAMB231,15.144880478145993,13.836
700,BRD-K70401845,MDAMB231,15.407108766874458,14.333
701,BRD-K71035033,MDAMB231,15.592474742382038,13.702
702,BRD-K74065929,MDAMB231,13.124393502795002,13.74
703,BRD-K77625799,MDAMB231,13.30622263168074,12.737
704,BRD-K79254416,MDAMB231,16.592127602131555,14.554
705,BRD-K81418486,MDAMB231,14.581330143810206,12.16
706,BRD-K85606544,MDAMB231,13.72442193193605,13.38
707,BRD-K87737963,MDAMB231,13.310741150001618,12.831
708,BRD-K92428232,MDAMB231,13.847874625997079,8.584
709,BRD-K92723993,MDAMB231,15.159759255141708,14.175
710,BRD-K99749624,MDAMB231,12.750758245727084,13.078
711,BRD-A28746609,MINO,10.772125520161481,3.0261
712,BRD-K08109215,MINO,9.451407998938308,8.5363
713,BRD-K19540840,MINO,12.361362129512386,12.664
714,BRD-K49328571,MINO,11.274824270633772,6.7399
715,BRD-K53972329,MINO,11.73414746889354,13.599
716,BRD-K60866521,MINO,11.955797976606519,13.636
717,BRD-K70401845,MINO,11.909787982747517,12.373
718,BRD-K81418486,MINO,5.601438865032961,9.9463
719,BRD-K81528515,MINO,12.033105942594162,14.673
720,BRD-K81418486,OCILY10,6.7762242126127745,10.71
721,BRD-K81418486,OCILY19,8.14142751880344,11.637
722,BRD-K81418486,OCILY3,4.69223384235228,10.715
723,BRD-A12230535,PC3,14.249325162120059,14.836
724,BRD-K02113016,PC3,13.953239071743965,14.733
725,BRD-K03449891,PC3,12.808215966201615,12.586
726,BRD-K08109215,PC3,13.863510856427652,15.59
727,BRD-K12184916,PC3,9.444126699077074,10.383
728,BRD-K15108141,PC3,15.254327875997106,13.078
729,BRD-K16730910,PC3,13.583151502862407,12.68
730,BRD-K17743125,PC3,11.053717435410832,11.569
731,BRD-K19540840,PC3,14.089989781386194,14.192
732,BRD-K19687926,PC3,14.760527732030496,14.621
733,BRD-K20285085,PC3,13.554317725578258,14.472
734,BRD-K21718444,PC3,13.727656239289004,14.396
735,BRD-K22134346,PC3,14.520795683665497,12.461
736,BRD-K24844714,PC3,13.71683735811611,14.453
737,BRD-K28392481,PC3,13.739288947239189,14.519
738,BRD-K33379087,PC3,13.60404056150459,12.936
739,BRD-K35520305,PC3,14.142310716849593,15.273
740,BRD-K37764012,PC3,12.548346729129904,9.8963
741,BRD-K42828737,PC3,12.117941263024832,13.986
742,BRD-K45681478,PC3,13.591140210185372,14.307
743,BRD-K47503321,PC3,13.00053821243229,14.662
744,BRD-K49075727,PC3,12.752521625867544,14.215
745,BRD-K49328571,PC3,13.23625361959786,11.064
746,BRD-K51544265,PC3,14.80794870297565,13.908
747,BRD-K52313696,PC3,13.969888798554862,14.277
748,BRD-K53414658,PC3,13.630148879774097,14.048
749,BRD-K54256913,PC3,13.34861957015859,13.949
750,BRD-K55478147,PC3,12.975599284032242,15.685
751,BRD-K56343971,PC3,14.407905280681703,14.158
752,BRD-K57080016,PC3,13.912263825791698,14.771
753,BRD-K60866521,PC3,11.379554671355791,14.001
754,BRD-K64052750,PC3,14.214879670032602,14.621
755,BRD-K64800655,PC3,12.513027127596061,14.108
756,BRD-K64890080,PC3,11.70322490536843,14.427
757,BRD-K66175015,PC3,12.908202947296573,12.495
758,BRD-K68065987,PC3,12.831908091102392,13.765
759,BRD-K70401845,PC3,13.746979418472634,14.78
760,BRD-K71035033,PC3,14.25001901252439,14.502
761,BRD-K74065929,PC3,13.44647595919561,13.809
762,BRD-K75295174,PC3,15.07923085135134,14.091
763,BRD-K77908580,PC3,13.011233567831724,11.86
764,BRD-K78431006,PC3,14.222397643038235,13.668
765,BRD-K79254416,PC3,13.08106505460195,15.284
766,BRD-K85606544,PC3,13.231097766811004,14.306
767,BRD-K86525559,PC3,10.607462141785973,11.874
768,BRD-K87737963,PC3,15.065551082044763,13.238
769,BRD-K92428232,PC3,12.105484839729357,11.758
770,BRD-K92723993,PC3,14.175007230997622,14.491
771,BRD-K93754473,PC3,16.440869905137234,14.911
772,BRD-K12343256,SKBR3,13.279143944577882,13.28
773,BRD-K12502280,SKBR3,12.159250015162812,12.901
774,BRD-K13566078,SKBR3,11.726758822845468,11.501
775,BRD-K43389698,SKBR3,3.88398948312728,7.793
776,BRD-K49328571,SKBR3,13.579877671056252,12.855
777,BRD-K50140147,SKBR3,15.261177923163373,11.488
778,BRD-K50168500,SKBR3,8.611495990977247,5.4521
779,BRD-K52911425,SKBR3,9.04061538305372,8.0065
780,BRD-K56343971,SKBR3,13.436641350239725,14.882
781,BRD-K57080016,SKBR3,13.832814170735801,14.873
782,BRD-K59369769,SKBR3,14.535177608885661,14.461
783,BRD-K67868012,SKBR3,9.032244897510864,11.391
784,BRD-K70401845,SKBR3,12.299611379719991,11.948
785,BRD-K78431006,SKBR3,14.458106498630755,12.625
786,BRD-K85606544,SKBR3,8.697046115768458,5.6581
787,BRD-K87737963,SKBR3,13.57789294522253,12.375
788,BRD-K90382497,SKBR3,14.693879989739699,11.069
789,BRD-K92723993,SKBR3,13.547027483103776,10.998
790,BRD-K99749624,SKBR3,13.005672414846359,11.716
791,BRD-A09722536,THP1,12.526750748885902,16.61
792,BRD-A28746609,THP1,11.941254651514456,2.3202
793,BRD-K08109215,THP1,8.687995805098254,9.799
794,BRD-K19295594,THP1,9.967416975625284,11.434
795,BRD-K19540840,THP1,10.878520771206937,14.405
796,BRD-K19687926,THP1,12.51592318696909,12.943
797,BRD-K28392481,THP1,12.556019376279451,13.313
798,BRD-K49328571,THP1,11.383146357682122,11.002
799,BRD-K53972329,THP1,12.707551449175426,14.334
800,BRD-K60866521,THP1,12.012223862967758,11.383
801,BRD-K64052750,THP1,12.313106113987502,12.648
802,BRD-K66175015,THP1,9.991864757635213,9.3681
803,BRD-K67844266,THP1,13.182830857731474,5.7726
804,BRD-K68065987,THP1,10.570157404381249,10.586
805,BRD-K70401845,THP1,12.545710047888647,17.83
806,BRD-K71035033,THP1,12.53018382959796,13.665
807,BRD-K72420232,THP1,10.92008777532159,12.235
808,BRD-K74065929,THP1,13.946893982032194,14.471
809,BRD-K74514084,THP1,12.462404566361457,13.147
810,BRD-K77625799,THP1,12.634192659152646,13.321
811,BRD-K77908580,THP1,10.10164529433338,10.569
812,BRD-K81418486,THP1,8.239404964521796,10.486
813,BRD-K88510285,THP1,13.512378081202215,12.795
814,BRD-K92428232,THP1,12.104956991409736,5.911
815,BRD-K93918653,THP1,14.063835398118627,16.679
816,BRD-K02113016,YAPC,15.622923487348444,16.71
817,BRD-K08109215,YAPC,11.874013194113687,14.492
818,BRD-K21718444,YAPC,13.877633700799166,13.831
819,BRD-K49328571,YAPC,13.120425167331987,9.8987
820,BRD-K51544265,YAPC,14.483967555476866,13.563
821,BRD-K53414658,YAPC,15.296505850476493,14.149
822,BRD-K54256913,YAPC,13.743193103755758,12.603
823,BRD-K56301217,YAPC,15.235516660510157,15.0
824,BRD-K57080016,YAPC,13.992093818059871,14.73
825,BRD-K71035033,YAPC,14.683155451441522,13.398
826,BRD-K74514084,YAPC,17.88158401305965,13.701
827,BRD-K77625799,YAPC,16.512498914785184,13.354
828,BRD-K77908580,YAPC,13.834939316337696,14.261
829,BRD-K78431006,YAPC,13.640822957646847,11.243
830,BRD-K79254416,YAPC,15.45654037279418,14.437
831,BRD-K89162000,YAPC,14.904564752797128,15.226
832,BRD-K89732114,YAPC,13.387504394874227,14.425
833,BRD-A12230535,A375,13.318751008312882,11.256
834,BRD-K03449891,A375,10.427047769049148,10.469
835,BRD-K08109215,A375,12.584316479045436,12.842
836,BRD-K12502280,A375,10.248900477766563,11.577
837,BRD-K16478699,A375,11.107502430357806,11.371
838,BRD-K16730910,A375,10.901429125397579,13.902
839,BRD-K19477839,A375,14.918622894922999,15.0
840,BRD-K19540840,A375,12.814226209497145,14.289
841,BRD-K19687926,A375,12.990498660231504,13.598
842,BRD-K20285085,A375,12.96277734764825,16.147
843,BRD-K28392481,A375,16.581201465129503,12.53
844,BRD-K35520305,A375,14.037566879298845,12.844
845,BRD-K42828737,A375,11.790242155816566,11.73
846,BRD-K49075727,A375,14.94291078226919,15.669
847,BRD-K49328571,A375,11.424982637588835,11.912
848,BRD-K52313696,A375,15.182337513182654,13.992
849,BRD-K52911425,A375,15.318588566971437,13.506
850,BRD-K53414658,A375,13.52732747663739,13.936
851,BRD-K54256913,A375,12.975490812385113,9.9041
852,BRD-K56301217,A375,14.953984210705892,14.57
853,BRD-K60866521,A375,14.299483237016455,15.0
854,BRD-K64052750,A375,14.304402454731042,17.644
855,BRD-K64785675,A375,14.745398259604224,15.346
856,BRD-K64890080,A375,11.403760858264912,7.6835
857,BRD-K67868012,A375,12.372276036051597,16.286
858,BRD-K68065987,A375,14.63468203677379,14.418
859,BRD-K70301465,A375,14.861695577369881,14.595
860,BRD-K70401845,A375,14.721261465572605,13.285
861,BRD-K74514084,A375,14.094862661400237,14.833
862,BRD-K77908580,A375,15.012064533919409,12.252
863,BRD-K78431006,A375,12.949502873324343,11.205
864,BRD-K81418486,A375,13.90427921609429,12.065
865,BRD-K81528515,A375,14.3259430628328,14.017
866,BRD-K85606544,A375,13.020618437837891,13.517
867,BRD-K89162000,A375,12.758352607415725,16.88
868,BRD-K89732114,A375,14.841227710874216,13.987
869,BRD-K92428232,A375,13.361321570519147,5.7314
870,BRD-K92723993,A375,13.304188388236605,14.063
871,BRD-K93754473,A375,16.333674521907675,16.264
872,BRD-K93918653,A375,13.43795303624355,17.096
873,BRD-A02481876,A549,13.706976074158627,14.796
874,BRD-A18763547,A549,12.989363781580858,14.594
875,BRD-A28105619,A549,11.295205946866043,9.3213
876,BRD-A35588707,A549,11.843666303970247,11.899
877,BRD-A36630025,A549,12.419361959200012,12.59
878,BRD-K01121114,A549,15.543747676850751,14.352
879,BRD-K02130563,A549,11.7323680348837,6.3812
880,BRD-K02407574,A549,13.146704568767598,12.742
881,BRD-K03449891,A549,11.601930707692725,11.277
882,BRD-K05649647,A549,15.13247752050446,14.805
883,BRD-K05653692,A549,14.694165849496438,14.253
884,BRD-K06792661,A549,15.45745902677171,10.54
885,BRD-K06854232,A549,13.644918273422343,15.0
886,BRD-K07303502,A549,15.18637690190152,11.891
887,BRD-K08417745,A549,14.383793116419236,14.068
888,BRD-K09499853,A549,14.42146422306413,12.987
889,BRD-K09907482,A549,15.200471030740653,15.0
890,BRD-K12184916,A549,10.245434848859611,11.206
891,BRD-K15563106,A549,14.206780692397013,14.404
892,BRD-K19352500,A549,14.346579269954725,13.523
893,BRD-K19540840,A549,12.704364890426257,11.93
894,BRD-K19687926,A549,14.325864195487691,13.571
895,BRD-K20285085,A549,13.492514004026669,15.0
896,BRD-K20755323,A549,13.90397858373816,15.0
897,BRD-K21718444,A549,12.685991703509751,12.678
898,BRD-K23984367,A549,15.180436643020437,13.053
899,BRD-K24132293,A549,14.053998338758072,16.181
900,BRD-K28907958,A549,12.720927349389592,12.213
901,BRD-K34581968,A549,13.12818002837579,12.981
902,BRD-K35520305,A549,15.693710516062618,16.307
903,BRD-K50128260,A549,14.949049200787238,15.0
904,BRD-K50168500,A549,12.868917962084732,14.175
905,BRD-K51544265,A549,13.138951087814428,12.558
906,BRD-K52313696,A549,13.286458551250314,14.735
907,BRD-K54256913,A549,12.49044841730264,12.693
908,BRD-K56301217,A549,13.78227073297702,14.655
909,BRD-K57080016,A549,13.141683241873432,12.048
910,BRD-K60866521,A549,15.18942178852202,14.962
911,BRD-K62391742,A549,12.837342019191363,13.467
912,BRD-K63923597,A549,13.796200115023874,14.745
913,BRD-K64890080,A549,12.134426184448637,7.7396
914,BRD-K66175015,A549,11.612436474866252,11.767
915,BRD-K67868012,A549,11.459247291753025,13.941
916,BRD-K68065987,A549,11.976220125941007,14.443
917,BRD-K70301465,A549,11.968826108970768,14.352
918,BRD-K75295174,A549,11.98906412121263,12.13
919,BRD-K76674262,A549,10.27763963520041,8.9999
920,BRD-K78431006,A549,10.85713521525994,11.616
921,BRD-K79254416,A549,13.61998497486328,14.034
922,BRD-K81528515,A549,13.828645790279404,16.8
923,BRD-K82746043,A549,13.392924601270431,15.0
924,BRD-K84937637,A549,13.602710328653837,14.362
925,BRD-K87142802,A549,15.346513209739067,14.155
926,BRD-K87737963,A549,11.77913752480398,13.155
927,BRD-K88025533,A549,13.753279674669637,12.912
928,BRD-K88510285,A549,13.81896673395803,14.473
929,BRD-K89162000,A549,14.134583727581083,14.91
930,BRD-K89391146,A549,15.35373991298942,14.308
931,BRD-K89732114,A549,13.648042515993746,14.572
932,BRD-K90382497,A549,15.21971663557573,13.478
933,BRD-K92428232,A549,11.692090319800707,8.84
934,BRD-K92723993,A549,13.415793442600568,16.451
935,BRD-K93123848,A549,11.890255308795611,13.12
936,BRD-K93754473,A549,14.029310544204316,15.0
937,BRD-K99749624,A549,13.074858707924102,13.948
938,BRD-K01436366,BT20,13.127702702667046,14.72
939,BRD-K19687926,BT20,12.91965433624008,13.63
940,BRD-K20285085,BT20,12.954566417946888,13.983
941,BRD-K50140147,BT20,11.46286654644731,11.807
942,BRD-K56343971,BT20,13.881349772817055,13.755
943,BRD-K57080016,BT20,12.354413638464246,14.196
944,BRD-K64800655,BT20,11.42187868561822,12.646
945,BRD-K64890080,BT20,12.690808001246376,9.444
946,BRD-K68065987,BT20,11.829386814697353,13.662
947,BRD-K69932463,BT20,9.602546496958064,8.5543
948,BRD-K78431006,BT20,13.475950398174598,13.674
949,BRD-K85606544,BT20,10.73802293040452,13.381
950,BRD-K70401845,HEPG2,14.46511982355454,11.312
951,BRD-K74514084,HEPG2,16.78080001746965,12.778
952,BRD-K81418486,HEPG2,16.57570991814449,10.736
953,BRD-K93367411,HEPG2,18.068290859162822,15.284
954,BRD-K93754473,HEPG2,15.970960849548499,15.744
955,BRD-A41692738,HS578T,13.429606386499325,14.435
956,BRD-K12343256,HS578T,12.217743804155214,10.692
957,BRD-K13566078,HS578T,13.544037546549442,11.508
958,BRD-K19687926,HS578T,14.062040892742596,13.109
959,BRD-K20285085,HS578T,12.746595930670845,13.64
960,BRD-K49075727,HS578T,11.535733799395155,14.75
961,BRD-K49328571,HS578T,9.832018720456825,4.9964
962,BRD-K50140147,HS578T,11.794461633368508,11.938
963,BRD-K52911425,HS578T,9.696433533939024,11.327
964,BRD-K53972329,HS578T,14.086893559254884,14.288
965,BRD-K64800655,HS578T,11.951260967506494,11.171
966,BRD-K64890080,HS578T,10.411612689111132,6.9525
967,BRD-K67868012,HS578T,7.767379141392746,8.7765
968,BRD-K70401845,HS578T,15.307004440910385,18.062
969,BRD-K78431006,HS578T,14.20243219928201,10.165
970,BRD-K81528515,HS578T,14.234063437495786,14.683
971,BRD-K85606544,HS578T,12.362871837592218,10.806
972,BRD-K92723993,HS578T,14.32689373397542,10.374
973,BRD-K99749624,HS578T,13.018034060224943,11.311
974,BRD-A12230535,HT29,15.067747696404775,14.645
975,BRD-K03449891,HT29,13.20504043908735,14.944
976,BRD-K19477839,HT29,14.592540252454308,14.489
977,BRD-K19687926,HT29,14.900614615015536,13.859
978,BRD-K21718444,HT29,15.641909109206688,13.899
979,BRD-K28392481,HT29,14.62368445789283,13.397
980,BRD-K35520305,HT29,16.879980509743824,16.379
981,BRD-K49075727,HT29,13.945693257060464,14.733
982,BRD-K49328571,HT29,14.068582682191698,12.821
983,BRD-K50168500,HT29,17.33863358313223,13.419
984,BRD-K52911425,HT29,12.625607407295854,13.68
985,BRD-K54640016,HT29,14.1793059676996,15.479
986,BRD-K56301217,HT29,16.119641211553095,14.579
987,BRD-K57080016,HT29,11.244796705789748,12.234
988,BRD-K60866521,HT29,15.149535081249804,15.0
989,BRD-K64052750,HT29,15.63129536633013,13.606
990,BRD-K68065987,HT29,15.633478334350082,14.54
991,BRD-K70401845,HT29,16.3315789570075,14.519
992,BRD-K71035033,HT29,15.590892908095919,13.906
993,BRD-K74065929,HT29,15.836669388926873,15.377
994,BRD-K74514084,HT29,15.298050795561801,13.975
995,BRD-K75295174,HT29,16.628792991919532,16.043
996,BRD-K77625799,HT29,15.420952085090528,14.8
997,BRD-K79254416,HT29,15.633731038826534,15.159
998,BRD-K81418486,HT29,13.100184814828333,12.653
999,BRD-K81528515,HT29,16.615987909505826,14.559
1000,BRD-K85606544,HT29,16.15967029618681,14.96
1001,BRD-K87737963,HT29,16.64444855385053,14.589
1002,BRD-K89732114,HT29,13.165905128669545,13.91
1003,BRD-K92428232,HT29,15.043825209330032,12.231
1004,BRD-K92723993,HT29,15.148646238968093,14.139
1005,BRD-K93123848,HT29,16.02783829313747,14.08
1006,BRD-K93754473,HT29,16.639623799793604,14.205
1007,BRD-K93918653,HT29,15.672045684332796,15.141
1008,BRD-K99749624,HT29,15.372054415430137,12.875
1009,BRD-K28392481,JURKAT,13.46807529466181,11.822
1010,BRD-K51544265,JURKAT,13.77750537555661,15.189
1011,BRD-K74065929,JURKAT,13.651702538914003,14.054
1012,BRD-K74514084,JURKAT,14.927576391618084,12.079
1013,BRD-K92428232,JURKAT,9.995050806760526,2.9811
1014,BRD-K93123848,JURKAT,12.4536289920355,9.8964
1015,BRD-K81418486,K562,12.68097094984554,11.351
1016,BRD-A01145011,MCF7,12.637849236324053,15.71
1017,BRD-A02481876,MCF7,13.850804105146006,14.38
1018,BRD-A12230535,MCF7,13.166872012808279,11.038
1019,BRD-A13122391,MCF7,12.336803002657087,11.367
1020,BRD-A35588707,MCF7,11.800397977827823,13.153
1021,BRD-A36630025,MCF7,9.875680274764216,13.801
1022,BRD-A41692738,MCF7,14.892681593054784,12.859
1023,BRD-K01121114,MCF7,14.372927804247945,15.897
1024,BRD-K01567962,MCF7,14.28303061566461,14.162
1025,BRD-K02113016,MCF7,13.908351679612759,14.772
1026,BRD-K02130563,MCF7,8.576312701467794,4.9771
1027,BRD-K02407574,MCF7,11.41189026067408,11.719
1028,BRD-K05653692,MCF7,13.724646569290451,13.25
1029,BRD-K06792661,MCF7,10.72897922900878,8.9755
1030,BRD-K06854232,MCF7,11.43643799763853,12.98
1031,BRD-K07303502,MCF7,13.291080731702403,14.498
1032,BRD-K08417745,MCF7,13.923182302007797,13.589
1033,BRD-K09499853,MCF7,12.51968076887905,10.23
1034,BRD-K09907482,MCF7,13.886133690716258,15.567
1035,BRD-K12502280,MCF7,11.696098614527125,11.215
1036,BRD-K13566078,MCF7,12.910376536120646,12.452
1037,BRD-K15108141,MCF7,11.10303778692545,12.542
1038,BRD-K16189898,MCF7,14.863991995845561,15.531
1039,BRD-K16730910,MCF7,14.096658258599826,14.825
1040,BRD-K19352500,MCF7,13.843860256056667,12.85
1041,BRD-K19416115,MCF7,14.775371837659884,13.489
1042,BRD-K19477839,MCF7,15.429518996750938,15.283
1043,BRD-K20285085,MCF7,12.639300410660406,16.235
1044,BRD-K21718444,MCF7,12.924833908650806,12.836
1045,BRD-K22134346,MCF7,12.98635193398112,14.685
1046,BRD-K23984367,MCF7,13.829792308656431,14.078
1047,BRD-K24132293,MCF7,12.406645844240382,13.309
1048,BRD-K24844714,MCF7,12.280298188507084,13.413
1049,BRD-K25311561,MCF7,15.861974722187222,13.594
1050,BRD-K28392481,MCF7,15.325700350458954,12.888
1051,BRD-K28907958,MCF7,12.75865231778206,12.122
1052,BRD-K34022604,MCF7,11.687778793414589,12.515
1053,BRD-K35520305,MCF7,14.576191293683076,14.82
1054,BRD-K35960502,MCF7,11.949173893950809,12.54
1055,BRD-K43389698,MCF7,12.413380321466628,8.2161
1056,BRD-K45681478,MCF7,12.427240280234708,15.072
1057,BRD-K47503321,MCF7,13.81880876042336,14.169
1058,BRD-K49075727,MCF7,14.65719798013023,14.306
1059,BRD-K49328571,MCF7,12.30848258311911,12.295
1060,BRD-K50128260,MCF7,13.058214340548227,14.052
1061,BRD-K50168500,MCF7,13.056030656446262,13.613
1062,BRD-K51575138,MCF7,14.755980517601609,13.29
1063,BRD-K52911425,MCF7,12.476038669115576,9.2512
1064,BRD-K54256913,MCF7,11.437386064515374,12.444
1065,BRD-K56301217,MCF7,14.573760907154872,16.317
1066,BRD-K57080016,MCF7,13.038147393964516,13.175
1067,BRD-K58772419,MCF7,14.363275297368853,12.319
1068,BRD-K60866521,MCF7,14.905776771772105,13.284
1069,BRD-K64052750,MCF7,13.502048602117918,14.015
1070,BRD-K64800655,MCF7,11.348420069323618,10.832
1071,BRD-K64890080,MCF7,10.631139747169152,8.7699
1072,BRD-K66175015,MCF7,11.590119992479538,10.153
1073,BRD-K67578145,MCF7,15.223890345945927,16.314
1074,BRD-K67844266,MCF7,11.070280690882862,11.528
1075,BRD-K68065987,MCF7,11.45213310894277,11.345
1076,BRD-K69932463,MCF7,8.574541955286884,6.6189
1077,BRD-K70401845,MCF7,14.05726333577726,14.81
1078,BRD-K71035033,MCF7,13.17893275084847,13.28
1079,BRD-K74065929,MCF7,13.673433868353948,15.0
1080,BRD-K74514084,MCF7,14.76879425791193,13.281
1081,BRD-K75295174,MCF7,11.769408803535578,14.882
1082,BRD-K77625799,MCF7,12.808079617640113,14.633
1083,BRD-K77908580,MCF7,10.690658091066178,10.274
1084,BRD-K78431006,MCF7,11.937371948422276,10.117
1085,BRD-K78659596,MCF7,11.27519231891173,12.896
1086,BRD-K79254416,MCF7,13.98655952034627,14.691
1087,BRD-K82746043,MCF7,13.292071510321728,14.111
1088,BRD-K84937637,MCF7,12.82467531995493,8.4275
1089,BRD-K85606544,MCF7,11.46623749675731,14.127
1090,BRD-K88510285,MCF7,11.816975559063929,14.242
1091,BRD-K88742110,MCF7,13.785624598752372,14.441
1092,BRD-K89162000,MCF7,13.593206096773736,15.835
1093,BRD-K89391146,MCF7,16.066310508950743,16.008
1094,BRD-K92723993,MCF7,13.950278811259603,15.062
1095,BRD-K93754473,MCF7,13.293426374846911,12.736
1096,BRD-A41692738,MDAMB231,13.980365736292095,13.258
1097,BRD-K01436366,MDAMB231,12.603683104312802,14.299
1098,BRD-K02113016,MDAMB231,11.395362918166791,14.343
1099,BRD-K03449891,MDAMB231,12.121232068949292,11.465
1100,BRD-K13566078,MDAMB231,13.15919164209239,12.952
1101,BRD-K16189898,MDAMB231,13.581947830686738,14.284
1102,BRD-K16478699,MDAMB231,13.809959677899394,14.667
1103,BRD-K20285085,MDAMB231,13.125461895819024,13.566
1104,BRD-K28392481,MDAMB231,11.068574260461071,13.503
1105,BRD-K43389698,MDAMB231,13.7851550077124,10.476
1106,BRD-K49328571,MDAMB231,8.223869152020677,7.327
1107,BRD-K50140147,MDAMB231,11.367699317844279,11.269
1108,BRD-K50168500,MDAMB231,13.471226530117827,12.615
1109,BRD-K52911425,MDAMB231,14.161631221684354,13.078
1110,BRD-K53414658,MDAMB231,12.238164595387241,13.538
1111,BRD-K54256913,MDAMB231,11.78955792246037,12.793
1112,BRD-K56301217,MDAMB231,11.25601182130398,14.172
1113,BRD-K56343971,MDAMB231,13.139522050209132,15.0
1114,BRD-K57080016,MDAMB231,11.682148237442869,11.119
1115,BRD-K60866521,MDAMB231,13.818610563463688,14.037
1116,BRD-K63068307,MDAMB231,12.496506113179601,12.888
1117,BRD-K63923597,MDAMB231,13.807377262717944,13.836
1118,BRD-K64052750,MDAMB231,14.09466748325084,12.915
1119,BRD-K64800655,MDAMB231,11.378857792775614,12.473
1120,BRD-K64890080,MDAMB231,11.171870078673544,8.2157
1121,BRD-K67868012,MDAMB231,12.575234488121248,13.333
1122,BRD-K69932463,MDAMB231,9.087718842251741,10.081
1123,BRD-K71035033,MDAMB231,11.457396112727418,13.702
1124,BRD-K74514084,MDAMB231,12.539901685214625,13.782
1125,BRD-K77908580,MDAMB231,11.038033314937218,12.057
1126,BRD-K78431006,MDAMB231,13.148941203953052,11.598
1127,BRD-K79254416,MDAMB231,11.499630999814224,14.554
1128,BRD-K81528515,MDAMB231,14.371439342514885,14.752
1129,BRD-K85606544,MDAMB231,12.876321650517719,13.38
1130,BRD-K90382497,MDAMB231,13.225066713437252,14.358
1131,BRD-K92723993,MDAMB231,13.913013675919354,14.175
1132,BRD-K93918653,MDAMB231,11.886495215495723,15.29
1133,BRD-K99749624,MDAMB231,12.837235212889107,13.078
1134,BRD-A28746609,MINO,11.008333266971102,3.0261
1135,BRD-K19295594,MINO,13.181451622238535,11.162
1136,BRD-K19540840,MINO,11.811153149134578,12.664
1137,BRD-K19687926,MINO,13.113582955154323,12.219
1138,BRD-K53972329,MINO,12.923396363276277,13.599
1139,BRD-K70401845,MINO,13.202118616778387,12.373
1140,BRD-K71035033,MINO,12.474822831537802,13.309
1141,BRD-K88510285,MINO,9.403517341676514,10.398
1142,BRD-K02130563,PC3,13.423195270962504,9.9078
1143,BRD-K09951645,PC3,15.074713030998362,14.787
1144,BRD-K12502280,PC3,13.926453893369024,14.395
1145,BRD-K13662825,PC3,13.015239744308326,9.6294
1146,BRD-K15108141,PC3,12.98440510988379,13.078
1147,BRD-K19477839,PC3,15.712686159958219,15.012
1148,BRD-K19540840,PC3,14.018721720577412,14.192
1149,BRD-K22134346,PC3,13.57388382217058,12.461
1150,BRD-K23984367,PC3,16.780896031171856,12.535
1151,BRD-K24844714,PC3,14.662898170284814,14.453
1152,BRD-K28392481,PC3,13.51497823682629,14.519
1153,BRD-K29313308,PC3,15.476151933787458,14.302
1154,BRD-K33379087,PC3,13.809959897484385,12.936
1155,BRD-K42828737,PC3,12.617969767836337,13.986
1156,BRD-K47503321,PC3,15.101045705716695,14.662
1157,BRD-K50168500,PC3,15.294532200412357,12.516
1158,BRD-K52911425,PC3,13.650827096593355,12.86
1159,BRD-K53414658,PC3,12.819754647243451,14.048
1160,BRD-K55478147,PC3,15.202243430573924,15.685
1161,BRD-K56301217,PC3,13.927448872150388,14.045
1162,BRD-K57080016,PC3,14.31886267939293,14.771
1163,BRD-K67868012,PC3,12.727734264624667,10.505
1164,BRD-K68065987,PC3,13.819991119633722,13.765
1165,BRD-K70301465,PC3,13.774410924372967,14.803
1166,BRD-K71035033,PC3,13.415862506672818,14.502
1167,BRD-K74514084,PC3,13.576632330386099,13.975
1168,BRD-K75295174,PC3,12.837745777484395,14.091
1169,BRD-K77908580,PC3,13.72821040981429,11.86
1170,BRD-K78431006,PC3,12.98624282659497,13.668
1171,BRD-K79254416,PC3,14.632311879183897,15.284
1172,BRD-K81418486,PC3,13.870072896637874,14.237
1173,BRD-K81528515,PC3,14.862273816285176,14.008
1174,BRD-K84937637,PC3,13.410687593334695,10.108
1175,BRD-K85133207,PC3,16.391604245385984,15.275
1176,BRD-K87737963,PC3,14.65821868109955,13.238
1177,BRD-K88742110,PC3,16.065051149157476,14.837
1178,BRD-K89162000,PC3,15.133805908366265,14.059
1179,BRD-K89732114,PC3,14.087100529330508,14.846
1180,BRD-K92723993,PC3,14.12154909943032,14.491
1181,BRD-K93918653,PC3,13.144911090079257,14.575
1182,BRD-K99749624,PC3,15.06196830706025,14.114
1183,BRD-A41692738,SKBR3,13.530059083711501,13.829
1184,BRD-K01436366,SKBR3,11.78889204802939,13.504
1185,BRD-K03449891,SKBR3,12.062204801138103,11.445
1186,BRD-K12343256,SKBR3,13.8245489961599,13.28
1187,BRD-K12502280,SKBR3,12.650006781950504,12.901
1188,BRD-K16189898,SKBR3,12.693949312088842,14.466
1189,BRD-K19540840,SKBR3,12.532097888813121,13.181
1190,BRD-K20285085,SKBR3,13.015825683025094,14.236
1191,BRD-K49328571,SKBR3,12.029309367103986,12.855
1192,BRD-K50168500,SKBR3,10.460996235696337,5.4521
1193,BRD-K56343971,SKBR3,13.996726548184677,14.882
1194,BRD-K58772419,SKBR3,13.520580053836364,9.1694
1195,BRD-K59369769,SKBR3,12.6580355528018,14.461
1196,BRD-K63068307,SKBR3,10.966605931241327,9.9067
1197,BRD-K63923597,SKBR3,13.438918417013008,14.571
1198,BRD-K64052750,SKBR3,12.803531829531119,9.8972
1199,BRD-K64800655,SKBR3,9.48182401552648,10.813
1200,BRD-K70401845,SKBR3,14.01089303606417,11.948
1201,BRD-K85606544,SKBR3,10.993959797290552,5.6581
1202,BRD-K87737963,SKBR3,12.954747526995641,12.375
1203,BRD-K90382497,SKBR3,12.993358094436724,11.069
1204,BRD-K92723993,SKBR3,13.662909470643251,10.998
1205,BRD-K08109215,THP1,10.746196861752049,9.799
1206,BRD-K49328571,THP1,12.596350528721212,11.002
1207,BRD-K50168500,THP1,11.862951433310707,10.324
1208,BRD-K53972329,THP1,13.808012788812755,14.334
1209,BRD-K54606188,THP1,9.890585951156107,6.2252
1210,BRD-K57080016,THP1,8.8996244878011,6.992
1211,BRD-K60866521,THP1,13.549544465868701,11.383
1212,BRD-K62391742,THP1,13.499120466189504,12.063
1213,BRD-K68065987,THP1,10.962200267800052,10.586
1214,BRD-K70401845,THP1,13.530772883945554,17.83
1215,BRD-K71035033,THP1,13.812183731953917,13.665
1216,BRD-K74065929,THP1,12.162780486503005,14.471
1217,BRD-K74514084,THP1,12.516325096928393,13.147
1218,BRD-K77625799,THP1,12.987697619845983,13.321
1219,BRD-K78431006,THP1,10.118506085116985,11.665
1220,BRD-K79254416,THP1,11.671709645050294,13.84
1221,BRD-K81418486,THP1,11.218522125865173,10.486
1222,BRD-K81458380,THP1,11.403838920968917,11.226
1223,BRD-K81528515,THP1,13.510620658103415,11.723
1224,BRD-K92428232,THP1,11.584646052953383,5.911
1225,BRD-K92723993,THP1,12.86372093329336,14.89
1226,BRD-K93918653,THP1,13.210637141823634,16.679
1227,BRD-K99749624,THP1,14.216774151721063,12.36
1228,BRD-K51544265,U2OS,11.617181261980102,10.038
1229,BRD-K64800655,U2OS,9.734367925218374,8.1047
1230,BRD-K81418486,VCAP,0.7878406971820713,11.19
1231,BRD-K02113016,YAPC,15.516364793018818,16.71
1232,BRD-K08109215,YAPC,16.859761542973352,14.492
1233,BRD-K12184916,YAPC,15.15743415557821,11.937
1234,BRD-K16730910,YAPC,15.243628897443466,16.008
1235,BRD-K19477839,YAPC,14.647404050602825,15.332
1236,BRD-K28392481,YAPC,14.63009673779933,12.809
1237,BRD-K49328571,YAPC,11.254845230392528,9.8987
1238,BRD-K53414658,YAPC,13.708770503045423,14.149
1239,BRD-K56301217,YAPC,13.71957315270114,15.0
1240,BRD-K56343971,YAPC,13.000492999049209,16.279
1241,BRD-K57080016,YAPC,13.20587412833819,14.73
1242,BRD-K60866521,YAPC,14.118557276389163,14.651
1243,BRD-K74065929,YAPC,13.967843946587289,14.855
1244,BRD-K74514084,YAPC,13.498468127112654,13.701
1245,BRD-K77625799,YAPC,13.972606921206841,13.354
1246,BRD-K79254416,YAPC,14.281017915552946,14.437
1247,BRD-K89162000,YAPC,13.445341214862617,15.226
1248,BRD-K92428232,YAPC,13.403710798521695,12.538
1249,BRD-K93918653,YAPC,13.790574029117659,15.0
