,gene,cell_line,pred,target
0,9606.ENSP00000171111,A375,-2.5524044,-2.1693177
1,9606.ENSP00000216911,A375,0.3872052,-0.03313072
2,9606.ENSP00000250405,A375,-2.754939,-2.142709
3,9606.ENSP00000264220,A375,-0.20274302,-0.028464524
4,9606.ENSP00000269571,A375,-0.68307585,-1.9931141
5,9606.ENSP00000287936,A375,-0.6389971,-0.031519473
6,9606.ENSP00000313950,A375,-0.24298581,-0.00016323659
7,9606.ENSP00000342235,A375,-2.4045792,-4.2768893
8,9606.ENSP00000352516,A375,-0.0637519,-0.16952495
9,9606.ENSP00000354859,A375,-3.2608774,-3.0526302
10,9606.ENSP00000362649,A375,-1.4603887,-1.7466861
11,9606.ENSP00000362680,A375,-2.2410889,-1.0993413
12,9606.ENSP00000364907,A375,-2.477085,-3.223627
13,9606.ENSP00000369375,A375,-3.6203694,-3.4199014
14,9606.ENSP00000371067,A375,-2.357156,-2.9346037
15,9606.ENSP00000379822,A375,-2.1481972,-1.9670222
16,9606.ENSP00000380252,A375,-1.115642,-1.9540752
17,9606.ENSP00000411532,A375,0.37666556,-1.9773219e-05
18,9606.ENSP00000171111,A549,-2.9195304,-3.0539925
19,9606.ENSP00000226413,A549,-4.5285974,-4.77201
20,9606.ENSP00000229795,A549,-2.5996854,-2.9318495
21,9606.ENSP00000236826,A549,-2.6221812,-3.62652
22,9606.ENSP00000257068,A549,-2.4210956,-3.8790557
23,9606.ENSP00000264606,A549,-3.054514,-0.94455385
24,9606.ENSP00000268035,A549,-1.497271,-0.3818307
25,9606.ENSP00000276198,A549,-2.2875345,-4.314011
26,9606.ENSP00000287936,A549,-1.0445477,-0.035801932
27,9606.ENSP00000300738,A549,0.39401302,0.0
28,9606.ENSP00000302564,A549,-0.26151064,-0.129097
29,9606.ENSP00000317272,A549,-3.1271772,-2.4675179
30,9606.ENSP00000317985,A549,-3.2204921,-1.4416085
31,9606.ENSP00000343925,A549,-3.4851544,-2.5418563
32,9606.ENSP00000352121,A549,-3.6532912,-2.2008398
33,9606.ENSP00000353826,A549,-0.19913027,-0.6557799
34,9606.ENSP00000354558,A549,-1.5536101,-0.04494976
35,9606.ENSP00000363397,A549,-2.2524667,-3.9497986
36,9606.ENSP00000369375,A549,-3.8532228,-2.3442938
37,9606.ENSP00000378699,A549,-0.02212008,0.0
38,9606.ENSP00000405330,A549,-2.3148198,-4.51135
39,9606.ENSP00000411532,A549,-0.29208907,0.0
40,9606.ENSP00000438284,A549,-3.9017391,-3.6158419
41,9606.ENSP00000451828,A549,-2.251742,-2.8295164
42,9606.ENSP00000250405,HA1E,-2.698213,-2.5215805
43,9606.ENSP00000258149,HA1E,-1.5129782,-1.4824908
44,9606.ENSP00000265734,HA1E,0.11886362,-4.872808
45,9606.ENSP00000269571,HA1E,-0.9636243,-0.55968654
46,9606.ENSP00000313950,HA1E,-0.9967144,-3.4042043e-06
47,9606.ENSP00000347942,HA1E,-3.978305,-1.8349099
48,9606.ENSP00000356438,HA1E,-3.6580625,-4.7603683
49,9606.ENSP00000362361,HA1E,-0.49383888,-0.03863407
50,9606.ENSP00000380252,HA1E,-1.6652795,-2.5677092
51,9606.ENSP00000275493,HCC515,-2.1220536,-0.8038423
52,9606.ENSP00000302967,HCC515,-0.4632534,-0.32107705
53,9606.ENSP00000171111,HEPG2,-2.849244,-0.7481329
54,9606.ENSP00000430684,HEPG2,-2.5542135,-2.4070706
55,9606.ENSP00000261799,HS578T,-1.8201747,-0.75514156
56,9606.ENSP00000263640,HS578T,-3.7313824,-3.3231385
57,9606.ENSP00000298910,HS578T,-3.9093769,-3.4098098
58,9606.ENSP00000303507,HS578T,-3.8273678,-4.2288876
59,9606.ENSP00000339824,HS578T,-5.4200816,-3.1637995
60,9606.ENSP00000341189,HS578T,0.10640464,-0.34877867
61,9606.ENSP00000215659,HT29,-3.0700958,-3.0595548
62,9606.ENSP00000221930,HT29,-3.2205396,-2.4837947
63,9606.ENSP00000249373,HT29,-2.9661322,-2.1896203
64,9606.ENSP00000264220,HT29,-1.0263876,-0.067741305
65,9606.ENSP00000288602,HT29,-2.3539748,-0.11958424
66,9606.ENSP00000302486,HT29,-2.4913776,-0.09745533
67,9606.ENSP00000302967,HT29,-0.56805897,-0.06088671
68,9606.ENSP00000303507,HT29,-3.3894608,-3.8773806
69,9606.ENSP00000343925,HT29,-3.2501376,-3.341033
70,9606.ENSP00000362361,HT29,0.5358141,-0.007363263
71,9606.ENSP00000402084,HT29,-0.27681276,0.0
72,9606.ENSP00000411532,HT29,-0.35962936,-4.4420023e-12
73,9606.ENSP00000483570,HT29,-3.340421,-2.9937606
74,9606.ENSP00000263798,JURKAT,-1.1469501,-1.9846836
75,9606.ENSP00000300093,JURKAT,-0.34389272,0.0
76,9606.ENSP00000317985,JURKAT,-3.535731,-1.3701451
77,9606.ENSP00000334061,JURKAT,-3.509748,-4.0708327
78,9606.ENSP00000171111,MCF7,-3.1116564,-2.050216
79,9606.ENSP00000221930,MCF7,-3.8491828,-3.1758115
80,9606.ENSP00000246115,MCF7,-3.2808526,-3.6612425
81,9606.ENSP00000250405,MCF7,-3.2844183,-2.8198893
82,9606.ENSP00000254066,MCF7,-2.8758152,-3.1595752
83,9606.ENSP00000261707,MCF7,-2.8168414,-3.6587896
84,9606.ENSP00000261799,MCF7,-1.5276604,-3.5797355
85,9606.ENSP00000262623,MCF7,-3.3861334,-3.1929417
86,9606.ENSP00000263798,MCF7,-0.979456,-2.7298346
87,9606.ENSP00000264606,MCF7,-3.16182,-3.5093462
88,9606.ENSP00000264657,MCF7,-3.3873136,-3.0787864
89,9606.ENSP00000265734,MCF7,-0.44107082,-1.074737
90,9606.ENSP00000278616,MCF7,-3.257104,-3.2025325
91,9606.ENSP00000290158,MCF7,-0.0016750917,0.0
92,9606.ENSP00000303423,MCF7,0.08072714,-0.038291514
93,9606.ENSP00000314649,MCF7,-2.8763132,-2.1584482
94,9606.ENSP00000319060,MCF7,-1.9080122,-2.793894
95,9606.ENSP00000324806,MCF7,-2.9415135,-1.3822293
96,9606.ENSP00000335153,MCF7,-1.5915604,-2.5256717
97,9606.ENSP00000339824,MCF7,-3.7460003,-3.7230668
98,9606.ENSP00000341189,MCF7,-0.5771389,-2.0514472
99,9606.ENSP00000343782,MCF7,-3.1203032,-4.7994094
100,9606.ENSP00000352608,MCF7,-2.1097565,-2.484237
101,9606.ENSP00000354859,MCF7,-3.547923,-5.012578
102,9606.ENSP00000356438,MCF7,-3.1099243,-2.692882
103,9606.ENSP00000363397,MCF7,-2.5940502,-1.310577
104,9606.ENSP00000363512,MCF7,-2.2465322,-2.6137934
105,9606.ENSP00000364212,MCF7,-4.221384,-3.2383091
106,9606.ENSP00000364907,MCF7,-3.2121034,-2.9114978
107,9606.ENSP00000382697,MCF7,-3.1161444,-1.8927212
108,9606.ENSP00000388510,MCF7,-3.2083318,-4.0603004
109,9606.ENSP00000388648,MCF7,0.17595735,-5.3659816e-05
110,9606.ENSP00000400175,MCF7,-1.2297544,-3.8955338
111,9606.ENSP00000411532,MCF7,-0.24733344,-0.0025895296
112,9606.ENSP00000452786,MCF7,-2.1233697,-2.0418482
113,9606.ENSP00000216911,MDAMB231,-0.23206261,-0.08182594
114,9606.ENSP00000275493,MDAMB231,-2.3002522,-2.9955692
115,9606.ENSP00000298910,MDAMB231,-3.5298967,-2.0639024
116,9606.ENSP00000300093,MDAMB231,0.32400838,-9.426347e-06
117,9606.ENSP00000317272,MDAMB231,-2.8098469,-3.559548
118,9606.ENSP00000317985,MDAMB231,-3.142328,-4.4148746
119,9606.ENSP00000353826,MDAMB231,-0.26681623,-0.75049424
120,9606.ENSP00000362361,MDAMB231,0.13799945,-0.00469329
121,9606.ENSP00000372023,MDAMB231,-2.4051766,-4.4609237
122,9606.ENSP00000373700,MDAMB231,-3.1201441,-2.7158434
123,9606.ENSP00000354558,OCILY19,-1.0610335,-0.09874407
124,9606.ENSP00000261799,SKBR3,-1.1917859,-2.2317421
125,9606.ENSP00000263923,SKBR3,-2.0063126,-1.4419353
126,9606.ENSP00000263967,SKBR3,-0.91209507,-0.05349857
127,9606.ENSP00000278616,SKBR3,-2.6350906,-3.7222126
128,9606.ENSP00000300093,SKBR3,0.024898566,0.0
129,9606.ENSP00000354558,SKBR3,-0.34481153,-0.024745315
130,9606.ENSP00000257290,THP1,-1.9495184,-1.5868217
131,9606.ENSP00000262948,THP1,-1.17764,-1.8568363
132,9606.ENSP00000263798,THP1,-0.5735306,-0.78721666
133,9606.ENSP00000263967,THP1,-1.5730689,-0.8719514
134,9606.ENSP00000313950,THP1,-0.44598138,0.0
135,9606.ENSP00000319060,THP1,-1.7239307,-2.454408
136,9606.ENSP00000334061,THP1,-3.2688,-2.6756563
137,9606.ENSP00000336528,THP1,-3.102443,-3.308582
138,9606.ENSP00000354558,THP1,-0.95437884,-0.12260724
139,9606.ENSP00000375892,THP1,-2.6073675,-1.1904519
140,9606.ENSP00000430684,THP1,-2.6454518,-3.4625654
141,9606.ENSP00000288602,U2OS,-1.657649,-3.5213437
142,9606.ENSP00000378699,U2OS,-0.34478977,-1.0208723e-10
143,9606.ENSP00000302967,VCAP,-0.5698533,-0.64583063
144,9606.ENSP00000405330,VCAP,-2.192315,-3.1210067
145,9606.ENSP00000215659,YAPC,-3.1837113,-2.9863033
146,9606.ENSP00000221930,YAPC,-3.098753,-3.050697
147,9606.ENSP00000300093,YAPC,0.2213023,0.0
148,9606.ENSP00000317985,YAPC,-2.6393728,-3.9508896
149,9606.ENSP00000347942,YAPC,-2.2766325,-3.511469
150,9606.ENSP00000352121,YAPC,-3.0197034,-2.7310662
151,9606.ENSP00000353826,YAPC,-0.47747207,-0.74979514
152,9606.ENSP00000402084,YAPC,-0.19558558,-0.001607419
153,9606.ENSP00000222982,A375,-3.8374982,-1.5001708
154,9606.ENSP00000257290,A375,-2.260691,-2.2204583
155,9606.ENSP00000258400,A375,-3.0705488,-2.6937473
156,9606.ENSP00000261799,A375,-2.2819536,-2.009254
157,9606.ENSP00000263798,A375,-0.9426129,-0.4424825
158,9606.ENSP00000264606,A375,-3.0369418,-2.728848
159,9606.ENSP00000302486,A375,-1.6581025,-0.029495932
160,9606.ENSP00000303211,A375,-2.1863036,-1.5181627
161,9606.ENSP00000305918,A375,-4.340163,-5.0804977
162,9606.ENSP00000319060,A375,-1.7605215,-2.6728895
163,9606.ENSP00000341189,A375,-0.44610146,-0.20005834
164,9606.ENSP00000349320,A375,-2.241713,-1.845696
165,9606.ENSP00000354558,A375,-0.7793952,-0.009765964
166,9606.ENSP00000359337,A375,-4.56302,-5.463007
167,9606.ENSP00000372023,A375,-5.146003,-5.7883315
168,9606.ENSP00000402084,A375,-1.4446306,0.0
169,9606.ENSP00000216911,A549,-0.5623734,-0.003728905
170,9606.ENSP00000223366,A549,-3.7595642,-3.9025183
171,9606.ENSP00000226574,A549,-4.480649,-4.3264337
172,9606.ENSP00000250405,A549,-3.7474835,-2.1879086
173,9606.ENSP00000258149,A549,-0.98620486,-0.03837403
174,9606.ENSP00000261799,A549,-2.2189262,-3.6586685
175,9606.ENSP00000265734,A549,-0.71232474,-0.34913838
176,9606.ENSP00000275493,A549,-2.6303933,-1.2098829
177,9606.ENSP00000290158,A549,-0.602471,0.0
178,9606.ENSP00000300093,A549,0.14478877,0.0
179,9606.ENSP00000302111,A549,-3.9036026,-2.8146157
180,9606.ENSP00000302486,A549,-1.372992,-0.7044575
181,9606.ENSP00000302967,A549,-1.1427196,-0.15910052
182,9606.ENSP00000314649,A549,-3.326908,-3.7044694
183,9606.ENSP00000334061,A549,-3.994464,-3.799698
184,9606.ENSP00000341885,A549,0.15980777,0.0
185,9606.ENSP00000342235,A549,-4.6455455,-3.6059194
186,9606.ENSP00000354522,A549,-0.0414882,-0.055223882
187,9606.ENSP00000356438,A549,-3.2409027,-3.685602
188,9606.ENSP00000362361,A549,0.23371753,-0.011210266
189,9606.ENSP00000362649,A549,-3.1459117,-3.441088
190,9606.ENSP00000366093,A549,-4.389574,-4.9948597
191,9606.ENSP00000368766,A549,-3.931362,-3.8181684
192,9606.ENSP00000380227,A549,-2.8409014,-2.7048442
193,9606.ENSP00000388510,A549,-4.4081335,-3.249617
194,9606.ENSP00000430432,A549,-3.1505077,-3.4094195
195,9606.ENSP00000469332,A549,-3.278415,-4.4376373
196,9606.ENSP00000483570,A549,-3.580092,-4.156778
197,9606.ENSP00000229795,HA1E,-2.6060212,-2.2686381
198,9606.ENSP00000341189,HA1E,-0.840255,-0.14025761
199,9606.ENSP00000352121,HA1E,-3.209286,-4.2092986
200,9606.ENSP00000354558,HA1E,-0.44002733,-0.02318442
201,9606.ENSP00000411532,HA1E,-0.47856778,-4.1482936e-06
202,9606.ENSP00000451828,HA1E,-2.1415255,-2.262807
203,9606.ENSP00000469413,HA1E,-3.1270726,-1.836079
204,9606.ENSP00000483570,HA1E,-3.5878642,-3.7574651
205,9606.ENSP00000380252,HCC515,-1.9212472,-0.789941
206,9606.ENSP00000300093,HEPG2,-0.08510161,0.0
207,9606.ENSP00000269571,HS578T,-2.5107903,-0.6054517
208,9606.ENSP00000300093,HS578T,0.1307103,0.0
209,9606.ENSP00000317272,HS578T,-3.1234787,-2.5678387
210,9606.ENSP00000324560,HS578T,-3.2293282,-2.0654058
211,9606.ENSP00000342235,HS578T,-3.7997854,-3.547949
212,9606.ENSP00000352157,HS578T,-2.3229284,-4.329133
213,9606.ENSP00000364907,HS578T,-2.576598,-4.07873
214,9606.ENSP00000372023,HS578T,-4.585949,-5.3021145
215,9606.ENSP00000378974,HS578T,-5.2153788,-3.5814672
216,9606.ENSP00000250405,HT29,-2.7190256,-2.5403147
217,9606.ENSP00000263798,HT29,-1.2360923,-2.0700517
218,9606.ENSP00000276198,HT29,-2.0513253,-2.4764793
219,9606.ENSP00000300093,HT29,0.3847523,0.0
220,9606.ENSP00000317272,HT29,-3.2389176,-2.6758568
221,9606.ENSP00000335153,HT29,-2.416532,-2.4553375
222,9606.ENSP00000341189,HT29,-0.75571024,-0.10888158
223,9606.ENSP00000349320,HT29,-2.1018662,-3.2733076
224,9606.ENSP00000352516,HT29,-0.57032084,-0.081228316
225,9606.ENSP00000353826,HT29,-1.34905,-0.6205888
226,9606.ENSP00000354558,HT29,-0.62591803,-0.06704263
227,9606.ENSP00000354859,HT29,-3.5841198,-2.876589
228,9606.ENSP00000355759,HT29,-2.1649866,-1.9693947
229,9606.ENSP00000369375,HT29,-4.207644,-4.72716
230,9606.ENSP00000447149,HT29,-2.6644187,-2.3395684
231,9606.ENSP00000469332,HT29,-4.098286,-3.7365918
232,9606.ENSP00000347942,JURKAT,-3.317811,-3.785426
233,9606.ENSP00000462468,JURKAT,-3.716536,-5.7051654
234,9606.ENSP00000411532,K562,-0.96657205,-0.002809274
235,9606.ENSP00000216271,MCF7,-3.9440322,-4.9395957
236,9606.ENSP00000223366,MCF7,-2.990214,-2.9864278
237,9606.ENSP00000249373,MCF7,-2.850753,-6.004514
238,9606.ENSP00000262193,MCF7,-0.399916,-0.036129862
239,9606.ENSP00000263640,MCF7,-3.7722416,-3.905232
240,9606.ENSP00000264220,MCF7,-0.042893797,-0.051417183
241,9606.ENSP00000268035,MCF7,-1.7242844,-1.1622747
242,9606.ENSP00000289153,MCF7,-2.8219197,-2.713836
243,9606.ENSP00000302967,MCF7,-1.4660405,-0.039331947
244,9606.ENSP00000305918,MCF7,-4.394541,-5.5102816
245,9606.ENSP00000306124,MCF7,-3.1219246,-3.6192827
246,9606.ENSP00000311579,MCF7,-2.9607105,-5.1346784
247,9606.ENSP00000313681,MCF7,-2.5184188,-2.7942867
248,9606.ENSP00000317272,MCF7,-2.815405,-3.6291697
249,9606.ENSP00000333685,MCF7,-3.6153908,-4.907058
250,9606.ENSP00000334061,MCF7,-2.952553,-1.8308336
251,9606.ENSP00000347046,MCF7,-2.5101912,-3.8733845
252,9606.ENSP00000352516,MCF7,-1.0044,-0.12918247
253,9606.ENSP00000353731,MCF7,-3.5528553,-2.3337433
254,9606.ENSP00000354522,MCF7,0.044102937,-0.03301646
255,9606.ENSP00000355759,MCF7,-2.1754334,-2.2499278
256,9606.ENSP00000357060,MCF7,-1.5559609,-0.68699026
257,9606.ENSP00000360242,MCF7,-2.8881629,-5.960036
258,9606.ENSP00000360541,MCF7,-1.745229,-2.4572184
259,9606.ENSP00000362649,MCF7,-2.9606082,-1.5941597
260,9606.ENSP00000371067,MCF7,-3.504235,-4.973092
261,9606.ENSP00000379683,MCF7,-3.4952,-5.3600125
262,9606.ENSP00000394624,MCF7,-3.9456654,-5.4926863
263,9606.ENSP00000431418,MCF7,-2.643473,-3.2958403
264,9606.ENSP00000469332,MCF7,-3.6888177,-4.520194
265,9606.ENSP00000262948,MDAMB231,-2.3984861,-2.519759
266,9606.ENSP00000264606,MDAMB231,-3.064294,-4.3122354
267,9606.ENSP00000302967,MDAMB231,-1.9746243,-0.12562597
268,9606.ENSP00000303830,MDAMB231,-3.0471942,-2.5109916
269,9606.ENSP00000324560,MDAMB231,-2.9062526,-4.6901975
270,9606.ENSP00000324806,MDAMB231,-2.817575,-3.7499356
271,9606.ENSP00000334061,MDAMB231,-3.0967314,-4.3156314
272,9606.ENSP00000339824,MDAMB231,-4.200861,-3.5777166
273,9606.ENSP00000341189,MDAMB231,-0.35745528,-0.083737016
274,9606.ENSP00000342235,MDAMB231,-3.6337564,-3.7528477
275,9606.ENSP00000352157,MDAMB231,-2.7014725,-2.687259
276,9606.ENSP00000362649,MDAMB231,-3.2710302,-3.5969577
277,9606.ENSP00000378974,MDAMB231,-4.438664,-3.54185
278,9606.ENSP00000302967,OCILY19,-0.77259886,-0.019557815
279,9606.ENSP00000262948,SKBR3,-1.2047703,-1.609078
280,9606.ENSP00000269571,SKBR3,-2.1672595,-0.047802415
281,9606.ENSP00000275493,SKBR3,-2.0033753,-3.7632096
282,9606.ENSP00000288602,SKBR3,-2.0535614,-3.3187757
283,9606.ENSP00000303507,SKBR3,-3.4583972,-4.3388853
284,9606.ENSP00000317985,SKBR3,-3.515229,-1.1659415
285,9606.ENSP00000344220,SKBR3,-0.6671553,-0.70475006
286,9606.ENSP00000352157,SKBR3,-2.723676,-3.4702547
287,9606.ENSP00000362680,SKBR3,-2.7290409,-2.901022
288,9606.ENSP00000378699,SKBR3,-0.71045053,-0.0021869212
289,9606.ENSP00000388648,SKBR3,0.08940455,0.0
290,9606.ENSP00000251849,THP1,-2.0341485,-0.59300935
291,9606.ENSP00000262506,THP1,-2.3590686,-6.640269
292,9606.ENSP00000302486,THP1,-2.200299,-0.6967237
293,9606.ENSP00000305918,THP1,-4.5909624,-3.7125976
294,9606.ENSP00000319279,THP1,-4.043254,-3.2482436
295,9606.ENSP00000339001,THP1,-0.63564,-0.044892598
296,9606.ENSP00000347942,THP1,-2.6092663,-2.9725237
297,9606.ENSP00000353826,THP1,-0.91632795,-1.1347055
298,9606.ENSP00000362680,THP1,-2.415431,-2.9312973
299,9606.ENSP00000451828,THP1,-1.9375794,-0.82549596
300,9606.ENSP00000305918,YAPC,-4.184684,-4.9698744
301,9606.ENSP00000313950,YAPC,-0.4791077,-8.8416295e-05
302,9606.ENSP00000317272,YAPC,-2.7111473,-2.413732
303,9606.ENSP00000342235,YAPC,-2.7641137,-3.3187537
304,9606.ENSP00000352516,YAPC,-0.8580303,-0.15788461
305,9606.ENSP00000362361,YAPC,-0.94660056,-0.00657953
306,9606.ENSP00000215659,A375,-3.362604,-3.421561
307,9606.ENSP00000221930,A375,-2.9032812,-2.543581
308,9606.ENSP00000229795,A375,-1.8874543,-2.0847158
309,9606.ENSP00000265734,A375,-0.71769506,-0.17314743
310,9606.ENSP00000305355,A375,-3.6212964,-3.3044727
311,9606.ENSP00000317272,A375,-3.1938198,-2.5032704
312,9606.ENSP00000335592,A375,-2.2390277,-2.1459067
313,9606.ENSP00000343925,A375,-2.3007362,-3.424942
314,9606.ENSP00000352121,A375,-3.3161108,-2.4186697
315,9606.ENSP00000355759,A375,-2.556454,-1.1801183
316,9606.ENSP00000363512,A375,-1.834111,-2.786861
317,9606.ENSP00000389414,A375,-2.6120312,-2.4554362
318,9606.ENSP00000221930,A549,-3.4115117,-3.5598104
319,9606.ENSP00000260187,A549,-2.8543203,-5.168573
320,9606.ENSP00000262948,A549,-2.3939488,-1.0700587
321,9606.ENSP00000263967,A549,-2.2970002,-0.5192025
322,9606.ENSP00000264657,A549,-3.7589197,-2.602265
323,9606.ENSP00000269305,A549,-10.813626,-15.833392
324,9606.ENSP00000269571,A549,-1.6818564,-0.12623817
325,9606.ENSP00000287820,A549,-4.1817183,-2.7008593
326,9606.ENSP00000290866,A549,-2.472028,-2.7184484
327,9606.ENSP00000303211,A549,-1.9613035,-2.027718
328,9606.ENSP00000303507,A549,-3.5560396,-3.9597373
329,9606.ENSP00000306124,A549,-3.1122825,-3.1324623
330,9606.ENSP00000315644,A549,-0.31566188,-1.0837305
331,9606.ENSP00000336764,A549,-2.8290522,-3.5631645
332,9606.ENSP00000351957,A549,-5.09188,-4.71205
333,9606.ENSP00000352608,A549,-2.2225578,-1.2030239
334,9606.ENSP00000353731,A549,-3.4511263,-3.6850302
335,9606.ENSP00000353770,A549,-0.50689673,0.0
336,9606.ENSP00000354859,A549,-3.4018133,-3.9030354
337,9606.ENSP00000355759,A549,-2.6751401,-1.7946513
338,9606.ENSP00000360242,A549,-3.6047046,-4.5116506
339,9606.ENSP00000364212,A549,-3.9744313,-3.3181145
340,9606.ENSP00000379683,A549,-4.1773186,-3.4672194
341,9606.ENSP00000394624,A549,-4.3895454,-3.9345338
342,9606.ENSP00000400175,A549,-0.9590128,-0.7011644
343,9606.ENSP00000437737,A549,-3.340059,-3.0373647
344,9606.ENSP00000452786,A549,-2.3022141,-1.5969225
345,9606.ENSP00000462468,A549,-4.0766077,-4.4144015
346,9606.ENSP00000228606,HA1E,-2.7533185,-1.9148668
347,9606.ENSP00000257290,HA1E,-1.2605159,-3.0615795
348,9606.ENSP00000263798,HA1E,-0.6202785,-1.5234758
349,9606.ENSP00000263967,HA1E,-1.7154086,-2.3073952
350,9606.ENSP00000275493,HA1E,-2.7866309,-2.8917577
351,9606.ENSP00000300093,HA1E,-0.5375237,0.0
352,9606.ENSP00000302486,HA1E,-2.561042,-1.8218634
353,9606.ENSP00000305918,HA1E,-4.4253206,-5.6097937
354,9606.ENSP00000319060,HA1E,-2.562681,-2.1094005
355,9606.ENSP00000334061,HA1E,-3.0004964,-3.3548522
356,9606.ENSP00000353826,HA1E,-1.3272085,-0.5610361
357,9606.ENSP00000355759,HA1E,-2.3635128,-1.7561343
358,9606.ENSP00000362649,HA1E,-2.7299268,-1.4742165
359,9606.ENSP00000362680,HA1E,-4.308086,-1.754483
360,9606.ENSP00000430432,HA1E,-3.6624787,-1.6524342
361,9606.ENSP00000462468,HA1E,-3.8624938,-3.5484
362,9606.ENSP00000302486,HCC515,-1.2128317,-3.9763184
363,9606.ENSP00000356438,HCC515,-3.8328152,-4.478684
364,9606.ENSP00000343925,HEPG2,-2.2594023,-3.0008364
365,9606.ENSP00000380252,HEPG2,-2.0646005,-0.35487175
366,9606.ENSP00000411532,HEPG2,-1.1542039,-0.0008579225
367,9606.ENSP00000263967,HS578T,-1.9234207,-1.1076306
368,9606.ENSP00000265734,HS578T,-1.7727747,-0.2321976
369,9606.ENSP00000313950,HS578T,-1.0214003,-2.687628e-12
370,9606.ENSP00000317985,HS578T,-3.2055628,-5.7165112
371,9606.ENSP00000344220,HS578T,-0.7359772,-0.71383184
372,9606.ENSP00000171111,HT29,-3.1545694,-1.7992835
373,9606.ENSP00000229795,HT29,-2.2056165,-0.8837819
374,9606.ENSP00000258149,HT29,-2.038121,-1.1192211
375,9606.ENSP00000265734,HT29,-1.6981537,-0.24937882
376,9606.ENSP00000269571,HT29,-2.01622,-0.14744976
377,9606.ENSP00000275493,HT29,-2.766773,-0.4560459
378,9606.ENSP00000287820,HT29,-4.2410855,-0.5101181
379,9606.ENSP00000302111,HT29,-3.4075038,-4.4360523
380,9606.ENSP00000305355,HT29,-2.8438404,-3.131276
381,9606.ENSP00000319060,HT29,-2.766207,-2.428209
382,9606.ENSP00000332296,HT29,-4.323607,-3.2404366
383,9606.ENSP00000334061,HT29,-4.0369267,-3.3069608
384,9606.ENSP00000342235,HT29,-4.333919,-3.373024
385,9606.ENSP00000359337,HT29,-5.09594,-6.2077985
386,9606.ENSP00000362649,HT29,-2.4942958,-2.9047358
387,9606.ENSP00000373700,HT29,-3.9128988,-4.053633
388,9606.ENSP00000380252,HT29,-1.4506178,-0.9561195
389,9606.ENSP00000215659,JURKAT,-4.017919,-3.6102278
390,9606.ENSP00000229795,JURKAT,-1.6725991,-2.8453407
391,9606.ENSP00000257290,JURKAT,-1.3647125,-4.7353044
392,9606.ENSP00000369375,JURKAT,-4.265406,-3.0356605
393,9606.ENSP00000216911,MCF7,-0.30506033,-0.0014366291
394,9606.ENSP00000226413,MCF7,-4.852589,-3.8723693
395,9606.ENSP00000229795,MCF7,-2.140559,-4.6809998
396,9606.ENSP00000236826,MCF7,-3.15394,-4.0239053
397,9606.ENSP00000257290,MCF7,-1.3558636,-1.5048451
398,9606.ENSP00000258149,MCF7,-0.8574314,-0.03172404
399,9606.ENSP00000260187,MCF7,-3.80691,-3.0631633
400,9606.ENSP00000263125,MCF7,-2.5344057,-3.6400144
401,9606.ENSP00000263967,MCF7,-2.3068893,-0.029526005
402,9606.ENSP00000287820,MCF7,-3.160434,-3.8419838
403,9606.ENSP00000300093,MCF7,-0.7139693,0.0
404,9606.ENSP00000303211,MCF7,-2.6973495,-1.3562554
405,9606.ENSP00000332296,MCF7,-4.1889915,-5.343464
406,9606.ENSP00000343925,MCF7,-3.2783337,-2.549297
407,9606.ENSP00000345344,MCF7,-3.854319,-3.3951228
408,9606.ENSP00000349320,MCF7,-3.0162945,-2.3688245
409,9606.ENSP00000354558,MCF7,0.070258915,-0.03017248
410,9606.ENSP00000355325,MCF7,-0.7180443,-1.3741598e-05
411,9606.ENSP00000358813,MCF7,0.010795534,-1.0100719
412,9606.ENSP00000361965,MCF7,-3.3577015,-1.8609459
413,9606.ENSP00000364133,MCF7,-3.6524909,-3.4215147
414,9606.ENSP00000369375,MCF7,-4.4918766,-4.0148945
415,9606.ENSP00000380252,MCF7,-2.14088,-1.8456767
416,9606.ENSP00000391676,MCF7,-2.428726,-2.3033361
417,9606.ENSP00000405330,MCF7,-4.06195,-0.049612835
418,9606.ENSP00000419422,MCF7,-4.1159396,-3.2132194
419,9606.ENSP00000215659,MDAMB231,-3.9356675,-4.30613
420,9606.ENSP00000250405,MDAMB231,-2.7581956,-2.3418207
421,9606.ENSP00000257290,MDAMB231,-0.9168905,-1.8367778
422,9606.ENSP00000261799,MDAMB231,-1.9589939,-3.3050911
423,9606.ENSP00000263125,MDAMB231,-3.5281675,-4.896948
424,9606.ENSP00000263640,MDAMB231,-3.7271178,-3.0412827
425,9606.ENSP00000263798,MDAMB231,-1.5910773,-1.1641524
426,9606.ENSP00000269571,MDAMB231,-1.5931809,-2.2054567
427,9606.ENSP00000288602,MDAMB231,-2.6753025,-1.6124644
428,9606.ENSP00000302486,MDAMB231,-1.994611,-1.9796921
429,9606.ENSP00000344220,MDAMB231,-1.9236789,-1.1542242
430,9606.ENSP00000355759,MDAMB231,-3.0659988,-1.2310116
431,9606.ENSP00000369375,MDAMB231,-4.1880336,-3.5985117
432,9606.ENSP00000402084,MDAMB231,-0.98490924,0.0
433,9606.ENSP00000430684,MDAMB231,-3.77717,-3.4804974
434,9606.ENSP00000411532,OCILY19,0.12769541,0.0
435,9606.ENSP00000265734,SKBR3,-1.5840759,-1.0674617
436,9606.ENSP00000289153,SKBR3,-2.6860092,-1.5595584
437,9606.ENSP00000303830,SKBR3,-1.471847,-3.216803
438,9606.ENSP00000362361,SKBR3,-0.88130707,-0.02810018
439,9606.ENSP00000411532,SKBR3,0.27910304,-5.9830413e-06
440,9606.ENSP00000430684,SKBR3,-2.84867,-2.9891713
441,9606.ENSP00000451828,SKBR3,-2.3867922,-0.06709621
442,9606.ENSP00000275493,THP1,-2.6676426,-2.1573503
443,9606.ENSP00000288602,THP1,-2.1812582,-2.1831672
444,9606.ENSP00000302967,THP1,-0.4072743,-0.43304446
445,9606.ENSP00000303507,THP1,-3.9061666,-3.5058167
446,9606.ENSP00000305355,THP1,-2.82561,-2.5289786
447,9606.ENSP00000335153,THP1,-1.08107,-1.6643156
448,9606.ENSP00000362649,THP1,-2.1785693,-2.2782574
449,9606.ENSP00000391676,THP1,-2.58107,-2.2097347
450,9606.ENSP00000483570,THP1,-3.418079,-2.3051884
451,9606.ENSP00000300093,VCAP,-0.41679615,0.0
452,9606.ENSP00000335153,VCAP,-1.402488,-2.1040428
453,9606.ENSP00000229795,YAPC,-1.6965857,-1.2263013
454,9606.ENSP00000250405,YAPC,-2.1446037,-2.1618218
455,9606.ENSP00000257290,YAPC,-1.730485,-2.4080758
456,9606.ENSP00000264606,YAPC,-2.7492852,-1.844874
457,9606.ENSP00000355759,YAPC,-2.2357304,-1.6066489
458,9606.ENSP00000362649,YAPC,-2.1191425,-2.8503017
459,9606.ENSP00000204615,A375,-2.7818065,-3.2169724
460,9606.ENSP00000261707,A375,-1.7761223,-1.7501464
461,9606.ENSP00000275493,A375,-1.9319813,-1.794253
462,9606.ENSP00000288135,A375,-3.305083,-3.3162029
463,9606.ENSP00000300093,A375,0.29603893,0.0
464,9606.ENSP00000302111,A375,-3.1298563,-3.7807207
465,9606.ENSP00000302967,A375,-0.4801489,-0.025194036
466,9606.ENSP00000303507,A375,-3.4559247,-4.1774387
467,9606.ENSP00000347942,A375,-2.600568,-2.7487373
468,9606.ENSP00000353826,A375,-0.56688446,-0.65283
469,9606.ENSP00000355325,A375,-0.606018,-0.0035495316
470,9606.ENSP00000356438,A375,-2.2393446,-3.478498
471,9606.ENSP00000362361,A375,0.574309,-0.017674105
472,9606.ENSP00000373700,A375,-2.42264,-3.2607841
473,9606.ENSP00000451828,A375,-2.6018887,-2.368889
474,9606.ENSP00000483570,A375,-3.8062928,-3.422543
475,9606.ENSP00000222982,A549,-2.8102362,-4.12367
476,9606.ENSP00000228606,A549,-1.8753631,-2.5807605
477,9606.ENSP00000254066,A549,-2.9084294,-3.7171166
478,9606.ENSP00000257290,A549,-1.9125532,-2.0340288
479,9606.ENSP00000261707,A549,-2.2226083,-2.4702115
480,9606.ENSP00000263798,A549,-1.1582869,-0.9678813
481,9606.ENSP00000264220,A549,-1.1284628,-0.64593077
482,9606.ENSP00000285930,A549,-2.8708065,-4.200708
483,9606.ENSP00000288135,A549,-4.0466433,-4.215464
484,9606.ENSP00000288602,A549,-2.6281686,-2.7190206
485,9606.ENSP00000303423,A549,0.9108405,-0.052439887
486,9606.ENSP00000303960,A549,-3.332213,-3.2216847
487,9606.ENSP00000305918,A549,-4.8640666,-4.714324
488,9606.ENSP00000313950,A549,-0.57414615,-0.003281119
489,9606.ENSP00000319060,A549,-2.712471,-1.8661453
490,9606.ENSP00000325120,A549,-4.552015,-6.0894413
491,9606.ENSP00000332296,A549,-4.202518,-4.560265
492,9606.ENSP00000337976,A549,-3.5077977,-3.7027261
493,9606.ENSP00000341189,A549,-0.29826778,-0.5738938
494,9606.ENSP00000347046,A549,-2.680172,-4.0840793
495,9606.ENSP00000355325,A549,-1.0996747,-0.0033239778
496,9606.ENSP00000359337,A549,-5.6412716,-4.8465877
497,9606.ENSP00000360541,A549,-1.666569,-3.1042352
498,9606.ENSP00000361965,A549,-3.9660845,-2.8533072
499,9606.ENSP00000362680,A549,-3.6816235,-1.9638692
500,9606.ENSP00000371067,A549,-2.8625004,-2.858237
501,9606.ENSP00000375892,A549,-2.9572861,-1.1449791
502,9606.ENSP00000380252,A549,-2.7169898,-0.14858642
503,9606.ENSP00000431418,A549,-2.7669673,-3.6215901
504,9606.ENSP00000469413,A549,-3.5769675,-2.2278447
505,9606.ENSP00000171111,HA1E,-2.5032558,-4.151002
506,9606.ENSP00000216911,HA1E,-0.6340661,-0.03781803
507,9606.ENSP00000261799,HA1E,-2.4502132,-0.7704871
508,9606.ENSP00000264606,HA1E,-3.0048354,-2.7904778
509,9606.ENSP00000288602,HA1E,-2.3808286,-3.386506
510,9606.ENSP00000302967,HA1E,-0.945456,-0.038125522
511,9606.ENSP00000303507,HA1E,-3.6313634,-2.9191952
512,9606.ENSP00000317272,HA1E,-3.0544317,-2.6942472
513,9606.ENSP00000342235,HA1E,-3.185707,-3.6148129
514,9606.ENSP00000343925,HA1E,-3.1398795,-3.3671043
515,9606.ENSP00000364907,HA1E,-3.126604,-3.5429015
516,9606.ENSP00000402084,HA1E,-1.1762233,0.0
517,9606.ENSP00000354558,HCC515,-1.3795016,-0.030349981
518,9606.ENSP00000355759,HCC515,-2.332416,-1.7562194
519,9606.ENSP00000261799,HEPG2,-2.0468092,-3.631812
520,9606.ENSP00000262948,HS578T,-1.7578017,-1.9981581
521,9606.ENSP00000263923,HS578T,-1.731601,-1.2754734
522,9606.ENSP00000275493,HS578T,-1.4231077,-3.4818091
523,9606.ENSP00000278616,HS578T,-2.4326775,-3.2076352
524,9606.ENSP00000288602,HS578T,-2.4703214,-0.8824979
525,9606.ENSP00000302486,HS578T,-2.098815,-2.460616
526,9606.ENSP00000305355,HS578T,-3.6773307,-3.1931627
527,9606.ENSP00000324806,HS578T,-2.3844934,-4.3956785
528,9606.ENSP00000354558,HS578T,-1.5643779,-0.019062636
529,9606.ENSP00000378699,HS578T,-1.7325181,0.0
530,9606.ENSP00000388648,HS578T,0.751726,0.0
531,9606.ENSP00000430684,HS578T,-2.5128143,-4.5151687
532,9606.ENSP00000451828,HS578T,-2.4839032,-1.2038871
533,9606.ENSP00000216911,HT29,-0.2825567,-0.06443181
534,9606.ENSP00000263967,HT29,-1.0804994,-0.061523788
535,9606.ENSP00000264606,HT29,-2.5452363,-3.347076
536,9606.ENSP00000317985,HT29,-2.4702156,-4.251869
537,9606.ENSP00000352121,HT29,-2.464237,-2.792694
538,9606.ENSP00000356438,HT29,-2.28775,-3.5323448
539,9606.ENSP00000362680,HT29,-2.7994502,-1.8119704
540,9606.ENSP00000378699,HT29,-1.2171525,-5.014722e-11
541,9606.ENSP00000462468,HT29,-3.9264777,-2.4802163
542,9606.ENSP00000402084,JURKAT,0.04579924,-0.0060294876
543,9606.ENSP00000302967,K562,-0.8415694,-0.014750773
544,9606.ENSP00000354558,K562,-1.9477509,-0.11236135
545,9606.ENSP00000215659,MCF7,-3.690113,-3.2503579
546,9606.ENSP00000218721,MCF7,-3.7276964,-5.7731357
547,9606.ENSP00000222982,MCF7,-2.2410252,-5.0398803
548,9606.ENSP00000226574,MCF7,-3.1233141,-2.6856308
549,9606.ENSP00000228606,MCF7,-1.8439325,-2.68023
550,9606.ENSP00000262415,MCF7,-1.2884188,-0.68860257
551,9606.ENSP00000262948,MCF7,-1.1184111,-0.94863
552,9606.ENSP00000263923,MCF7,-2.1027558,-1.2543726
553,9606.ENSP00000266376,MCF7,-2.518198,-3.577838
554,9606.ENSP00000267814,MCF7,-3.8371596,-4.0224276
555,9606.ENSP00000269305,MCF7,-4.0723395,-8.14085
556,9606.ENSP00000275493,MCF7,-2.4855824,-2.1755452
557,9606.ENSP00000285930,MCF7,-2.671998,-3.6761987
558,9606.ENSP00000287936,MCF7,-1.3482388,-0.03201929
559,9606.ENSP00000288602,MCF7,-2.3769767,-3.6905038
560,9606.ENSP00000290866,MCF7,-2.798436,-1.9326715
561,9606.ENSP00000303507,MCF7,-3.1284857,-3.8787525
562,9606.ENSP00000305355,MCF7,-3.9169981,-2.1759384
563,9606.ENSP00000313950,MCF7,-0.76495135,-0.00031938805
564,9606.ENSP00000317985,MCF7,-2.639914,-5.009682
565,9606.ENSP00000337915,MCF7,-3.7835393,-3.773738
566,9606.ENSP00000337976,MCF7,-2.9650428,-3.7186759
567,9606.ENSP00000339001,MCF7,-0.6234594,-0.03815139
568,9606.ENSP00000342235,MCF7,-3.5151432,-2.497332
569,9606.ENSP00000347942,MCF7,-2.7427049,-1.4193394
570,9606.ENSP00000353770,MCF7,-0.44050163,0.0
571,9606.ENSP00000353826,MCF7,-0.8744283,-0.6598984
572,9606.ENSP00000359337,MCF7,-5.6799483,-5.6055923
573,9606.ENSP00000362680,MCF7,-2.8270385,-3.2942624
574,9606.ENSP00000373700,MCF7,-3.1468923,-2.2632563
575,9606.ENSP00000375892,MCF7,-2.1472573,-1.7742943
576,9606.ENSP00000377424,MCF7,-3.4970856,-3.1731055
577,9606.ENSP00000402084,MCF7,-0.4202599,-1.5376656e-10
578,9606.ENSP00000263967,MDAMB231,-1.0714214,-2.6405988
579,9606.ENSP00000303507,MDAMB231,-3.3105817,-4.3677573
580,9606.ENSP00000313950,MDAMB231,-0.7600639,-0.00042862666
581,9606.ENSP00000352121,MDAMB231,-3.1786451,-2.3467607
582,9606.ENSP00000354558,MDAMB231,-1.7137307,-0.08022582
583,9606.ENSP00000371067,MDAMB231,-3.2768576,-5.185451
584,9606.ENSP00000263640,SKBR3,-2.8530304,-3.0789735
585,9606.ENSP00000298910,SKBR3,-2.4737544,-2.665444
586,9606.ENSP00000313950,SKBR3,-0.36398977,-0.00052546617
587,9606.ENSP00000317272,SKBR3,-2.6791077,-3.366508
588,9606.ENSP00000352121,SKBR3,-2.2352915,-3.032635
589,9606.ENSP00000364907,SKBR3,-2.2612314,-3.0330787
590,9606.ENSP00000371067,SKBR3,-2.6449935,-3.5002725
591,9606.ENSP00000373700,SKBR3,-3.0849388,-1.7283763
592,9606.ENSP00000462468,SKBR3,-3.6462576,-2.7095263
593,9606.ENSP00000215659,THP1,-3.7882516,-2.530438
594,9606.ENSP00000222982,THP1,-2.223798,-3.624896
595,9606.ENSP00000229795,THP1,-3.0182927,-2.6710367
596,9606.ENSP00000261799,THP1,-1.9536648,-2.7943423
597,9606.ENSP00000269571,THP1,-1.1821808,-1.1467091
598,9606.ENSP00000300093,THP1,-0.19838516,0.0
599,9606.ENSP00000302564,THP1,-1.5223529,-0.26555568
600,9606.ENSP00000321584,THP1,0.6885606,-0.94697285
601,9606.ENSP00000352121,THP1,-2.8410096,-0.6555526
602,9606.ENSP00000355325,THP1,-0.49076885,-2.3003402
603,9606.ENSP00000369375,U2OS,-4.5676856,-3.8945277
604,9606.ENSP00000263798,YAPC,-0.36056626,-1.1175121
605,9606.ENSP00000265734,YAPC,-0.7517817,-0.3139233
606,9606.ENSP00000288602,YAPC,-2.1388488,-2.399734
607,9606.ENSP00000302486,YAPC,-1.395183,-1.4300182
608,9606.ENSP00000319060,YAPC,-2.1706483,-2.134454
609,9606.ENSP00000356438,YAPC,-2.0718083,-3.8839624
610,9606.ENSP00000462468,YAPC,-3.9612308,-2.836761
611,9606.ENSP00000469413,YAPC,-3.0243075,-2.0591347
612,9606.ENSP00000249373,A375,-2.2450955,-2.6663914
613,9606.ENSP00000258149,A375,-0.3801145,-0.026315125
614,9606.ENSP00000263967,A375,-1.3659271,-1.941903
615,9606.ENSP00000270570,A375,-2.4272177,-2.0405483
616,9606.ENSP00000287820,A375,-3.3674033,-2.4315042
617,9606.ENSP00000288602,A375,-2.3548825,-0.09694375
618,9606.ENSP00000300061,A375,-3.3247855,-3.487436
619,9606.ENSP00000317985,A375,-2.5572944,-1.2806834
620,9606.ENSP00000347754,A375,-2.7397125,-3.5511246
621,9606.ENSP00000378699,A375,-0.36594737,-0.0038098004
622,9606.ENSP00000462468,A375,-4.0968056,-2.4434457
623,9606.ENSP00000469413,A375,-2.9566963,-1.2411445
624,9606.ENSP00000215659,A549,-2.895813,-3.9545226
625,9606.ENSP00000219240,A549,-1.5942166,-1.3422693
626,9606.ENSP00000246115,A549,-2.8467047,-4.3609314
627,9606.ENSP00000249373,A549,-2.618876,-2.2026567
628,9606.ENSP00000262193,A549,-0.11785738,-0.0043258336
629,9606.ENSP00000305355,A549,-3.5240319,-4.7832866
630,9606.ENSP00000311579,A549,-4.196991,-2.4326847
631,9606.ENSP00000313681,A549,-2.845841,-2.8339596
632,9606.ENSP00000335153,A549,-1.9416932,-1.1959555
633,9606.ENSP00000336528,A549,-3.2418783,-3.822458
634,9606.ENSP00000339001,A549,-0.5952193,-0.052884646
635,9606.ENSP00000345344,A549,-3.6258416,-2.8003697
636,9606.ENSP00000347942,A549,-2.9523354,-3.517828
637,9606.ENSP00000349320,A549,-2.5246341,-1.8491712
638,9606.ENSP00000352516,A549,-0.24444838,-0.102188885
639,9606.ENSP00000357060,A549,-0.4499228,-0.83783203
640,9606.ENSP00000360609,A549,-1.5499581,-1.3595291
641,9606.ENSP00000363512,A549,-2.9545364,-2.5423577
642,9606.ENSP00000364907,A549,-3.0219758,-3.4974546
643,9606.ENSP00000373700,A549,-3.7922912,-2.1484828
644,9606.ENSP00000391676,A549,-1.5362556,-2.8651402
645,9606.ENSP00000402084,A549,0.114119425,0.0
646,9606.ENSP00000419422,A549,-3.8696792,-2.539678
647,9606.ENSP00000430684,A549,-2.8389642,-1.7071884
648,9606.ENSP00000215659,HA1E,-3.1417868,-4.530279
649,9606.ENSP00000216271,HA1E,-3.8031845,-3.7826743
650,9606.ENSP00000221930,HA1E,-2.8527205,-3.6474352
651,9606.ENSP00000249373,HA1E,-2.7378418,-3.6982486
652,9606.ENSP00000305355,HA1E,-3.0044234,-2.8705401
653,9606.ENSP00000317985,HA1E,-2.832361,-9.671713
654,9606.ENSP00000352516,HA1E,-0.060645342,-0.6375345
655,9606.ENSP00000369375,HA1E,-3.2139716,-2.2741725
656,9606.ENSP00000373700,HA1E,-2.904624,-4.3511324
657,9606.ENSP00000378699,HA1E,-0.6767089,-2.7755576e-15
658,9606.ENSP00000171111,HCC515,-2.6578064,-1.1552546
659,9606.ENSP00000257068,HCC515,-3.654641,-3.2721586
660,9606.ENSP00000300738,HCC515,0.5303365,0.0
661,9606.ENSP00000315644,HCC515,-1.0928501,-0.083699524
662,9606.ENSP00000275493,HEPG2,-2.3796186,-1.7442118
663,9606.ENSP00000302967,HEPG2,-0.018898755,-0.14950079
664,9606.ENSP00000335153,HEPG2,-2.2730556,-1.62601
665,9606.ENSP00000354558,HEPG2,-0.55584216,-0.26163414
666,9606.ENSP00000356438,HEPG2,-3.1869652,-4.1125693
667,9606.ENSP00000263125,HS578T,-3.339426,-2.5754807
668,9606.ENSP00000289153,HS578T,-2.5585854,-1.2355416
669,9606.ENSP00000303830,HS578T,-2.651269,-4.4340196
670,9606.ENSP00000352121,HS578T,-2.5311623,-2.861152
671,9606.ENSP00000362361,HS578T,-0.1625865,-0.004852005
672,9606.ENSP00000362680,HS578T,-2.5509121,-2.8218775
673,9606.ENSP00000371067,HS578T,-3.6442251,-3.548096
674,9606.ENSP00000373700,HS578T,-3.273525,-3.725386
675,9606.ENSP00000462468,HS578T,-4.86702,-2.4765234
676,9606.ENSP00000222982,HT29,-3.5048149,-2.7373087
677,9606.ENSP00000257290,HT29,-2.2134993,-2.7182279
678,9606.ENSP00000261799,HT29,-2.7763617,-2.8950245
679,9606.ENSP00000287936,HT29,-0.17944889,-0.15790565
680,9606.ENSP00000305918,HT29,-4.9468346,-6.5187826
681,9606.ENSP00000313950,HT29,0.45167422,-1.5176815e-10
682,9606.ENSP00000347942,HT29,-2.8397048,-2.1493938
683,9606.ENSP00000351957,HT29,-4.7595515,-4.8171353
684,9606.ENSP00000364907,HT29,-3.4803133,-3.6480172
685,9606.ENSP00000405330,HT29,-3.2127352,-3.4578803
686,9606.ENSP00000451828,HT29,-2.3534632,-2.0791245
687,9606.ENSP00000469413,HT29,-3.4633348,-3.16605
688,9606.ENSP00000261799,JURKAT,-1.6455781,-2.1175623
689,9606.ENSP00000302486,JURKAT,-2.473587,-2.5676205
690,9606.ENSP00000356438,JURKAT,-3.117803,-3.5618403
691,9606.ENSP00000217133,MCF7,-2.7278457,-2.1494205
692,9606.ENSP00000219240,MCF7,-1.2978452,-0.19557118
693,9606.ENSP00000257068,MCF7,-5.265516,-5.2521224
694,9606.ENSP00000269571,MCF7,-0.9625102,-1.6129766
695,9606.ENSP00000276198,MCF7,-3.6060343,-2.6454728
696,9606.ENSP00000288135,MCF7,-3.2188084,-3.7508419
697,9606.ENSP00000298910,MCF7,-3.233576,-3.2165399
698,9606.ENSP00000300738,MCF7,0.77928317,0.0
699,9606.ENSP00000302111,MCF7,-3.858152,-4.006452
700,9606.ENSP00000302486,MCF7,-3.4876592,-3.523108
701,9606.ENSP00000302564,MCF7,-1.1211842,-0.39674145
702,9606.ENSP00000303830,MCF7,-2.384086,-3.0215676
703,9606.ENSP00000305372,MCF7,-2.5282574,-2.7997441
704,9606.ENSP00000315644,MCF7,-0.9974301,-0.119000785
705,9606.ENSP00000320324,MCF7,-1.2073689,-0.12182155
706,9606.ENSP00000324560,MCF7,-3.1998732,-4.023348
707,9606.ENSP00000325120,MCF7,-5.1732144,-4.0654774
708,9606.ENSP00000336528,MCF7,-3.2414815,-3.2167494
709,9606.ENSP00000341885,MCF7,0.043687075,0.0
710,9606.ENSP00000342952,MCF7,-6.134061,-5.0224147
711,9606.ENSP00000344220,MCF7,-1.677088,-0.67939734
712,9606.ENSP00000351957,MCF7,-4.087255,-3.2704062
713,9606.ENSP00000352121,MCF7,-3.3475578,-2.3296223
714,9606.ENSP00000352157,MCF7,-3.6247544,-4.212863
715,9606.ENSP00000360609,MCF7,-1.3467908,-0.5954722
716,9606.ENSP00000362361,MCF7,-0.06225355,-0.031379994
717,9606.ENSP00000366093,MCF7,-3.8808873,-4.073692
718,9606.ENSP00000378699,MCF7,-1.705339,0.0
719,9606.ENSP00000430432,MCF7,-4.10356,-2.949897
720,9606.ENSP00000430684,MCF7,-3.6227124,-3.7906206
721,9606.ENSP00000451828,MCF7,-2.2867348,-2.222789
722,9606.ENSP00000462468,MCF7,-3.4176807,-4.007746
723,9606.ENSP00000469413,MCF7,-2.684055,-2.7451515
724,9606.ENSP00000483570,MCF7,-4.439282,-3.5942454
725,9606.ENSP00000229795,MDAMB231,-3.3225548,-2.6439605
726,9606.ENSP00000263923,MDAMB231,-3.1425667,-1.873299
727,9606.ENSP00000265734,MDAMB231,-0.49036074,-0.87558645
728,9606.ENSP00000278616,MDAMB231,-2.7486475,-3.5869982
729,9606.ENSP00000289153,MDAMB231,-3.087749,-1.8185332
730,9606.ENSP00000305355,MDAMB231,-3.2414272,-3.4876466
731,9606.ENSP00000347942,MDAMB231,-2.5003154,-2.4391277
732,9606.ENSP00000352516,MDAMB231,-0.09988271,-0.96417767
733,9606.ENSP00000362680,MDAMB231,-3.735898,-1.4456921
734,9606.ENSP00000364907,MDAMB231,-2.901453,-3.4472084
735,9606.ENSP00000378699,MDAMB231,-1.2709825,0.0
736,9606.ENSP00000388648,MDAMB231,0.25098997,0.0
737,9606.ENSP00000451828,MDAMB231,-2.7637453,-4.1590433
738,9606.ENSP00000462468,MDAMB231,-3.8480144,-2.8302925
739,9606.ENSP00000263125,SKBR3,-2.4860263,-3.0568337
740,9606.ENSP00000302486,SKBR3,-2.3906336,-1.6360863
741,9606.ENSP00000305355,SKBR3,-2.710304,-8.705177
742,9606.ENSP00000324560,SKBR3,-2.694338,-5.733714
743,9606.ENSP00000324806,SKBR3,-2.9969141,-2.4455175
744,9606.ENSP00000339824,SKBR3,-3.2117426,-3.1624627
745,9606.ENSP00000341189,SKBR3,-1.1812872,-0.7750412
746,9606.ENSP00000342235,SKBR3,-3.0459867,-3.0895982
747,9606.ENSP00000372023,SKBR3,-4.2118216,-3.0585914
748,9606.ENSP00000378974,SKBR3,-4.813267,-3.4270716
749,9606.ENSP00000288135,THP1,-2.2012117,-3.0359745
750,9606.ENSP00000317272,THP1,-2.9618533,-2.296625
751,9606.ENSP00000342235,THP1,-2.9499054,-2.64272
752,9606.ENSP00000352516,THP1,0.097647384,-0.14184894
753,9606.ENSP00000363089,THP1,-3.1173398,-4.3953485
754,9606.ENSP00000369375,THP1,-3.2876027,-3.8101969
755,9606.ENSP00000371067,THP1,-3.376246,-4.200348
756,9606.ENSP00000378699,THP1,-0.48924166,0.0
757,9606.ENSP00000411532,THP1,-0.65907615,-0.00028477557
758,9606.ENSP00000462468,THP1,-3.1478777,-3.8705986
759,9606.ENSP00000216911,YAPC,0.29018092,-0.05470211
760,9606.ENSP00000261799,YAPC,-1.750151,-2.3609054
761,9606.ENSP00000334061,YAPC,-3.5864637,-4.0232196
762,9606.ENSP00000354859,YAPC,-3.1894176,-3.1261098
763,9606.ENSP00000369375,YAPC,-3.248549,-4.5188556
764,9606.ENSP00000373700,YAPC,-2.9184232,-3.2127156
