,cell_id,drug_id,num_points
0,A549,BRD-A61304759,25
1,A549,BRD-K18190982,19
2,A549,BRD-A85860691,21
3,MCF7,BRD-K05649647,24
4,MCF7,BRD-K12762134,19
5,MCF7,BRD-A61304759,28
6,A549,BRD-A28105619,19
7,MCF7,BRD-A84481105,40
8,MCF7,BRD-K78126613,38
9,MCF7,BRD-K01779529,19
10,MCF7,BRD-K15563106,19
11,MCF7,BRD-A75409952,36
12,A549,BRD-A13122391,21
13,MCF7,BRD-K28907958,19
14,A549,BRD-A15079084,19
15,A549,BRD-K06792661,19
16,MCF7,BRD-K81418486,78
17,A549,BRD-K12762134,19
18,A375,BRD-K81418486,31
19,MCF7,BRD-K60230970,33
20,MCF7,BRD-K73319509,36
21,A549,BRD-A71390734,28
22,A549,BRD-K05649647,22
23,MCF7,BRD-K87909389,48
24,MCF7,BRD-K11853856,28
25,A549,BRD-K28907958,19
26,A549,BRD-A18763547,19
27,PC3,BRD-K29107232,22
28,MCF7,BRD-K02130563,51
29,MCF7,BRD-K54343811,22
30,PC3,BRD-K35832492,22
31,A375,BRD-K12502280,18
32,PC3,BRD-K59369769,38
33,A375,BRD-K59369769,33
34,PC3,BRD-K36740062,31
35,PC3,BRD-K61894884,22
36,MDAMB231,BRD-K68065987,69
37,HME1,BRD-K49865102,55
38,MDAMB231,BRD-K40175214,61
39,MDAMB231,BRD-A45498368,63
40,MDAMB231,BRD-K49865102,73
41,A375,BRD-K83963101,31
42,HA1E,BRD-K00627859,22
43,MCF7,BRD-K36740062,37
44,MCF7,BRD-K26510616,22
45,PC3,BRD-K29313308,22
46,PC3,BRD2492 + BRD3308,17
47,HME1,BRD-K40175214,50
48,HEPG2,BRD-A19500257,24
49,HME1,BRD-K68065987,51
50,A549,BRD-K85606544,30
51,MCF7,BRD-K85606544,37
52,MCF7,BRD-A19037878,32
53,HCC515,BRD-K98948170,23
54,HME1,BRD-K52911425,51
55,HME1,BRD-A45498368,55
56,A549,BRD-A68281735,21
57,A549,BRD-K51313569,27
58,HEPG2,BRD-K21680192,36
59,MCF7,BRD-K56032964,22
60,A549,BRD-K28731095,22
61,HCC515,BRD-K64052750,21
62,MCF7,BRD-K84937637,24
63,MCF7,BRD-A71390734,27
64,PC3,BRD-K24844714,30
65,PC3,BRD-A39996500,19
66,PC3,BRD-A19500257,28
67,HCC515,BRD-K57080016,21
68,PC3,BRD-K59058747,19
69,HT29,BRD-K81418486,25
70,A549,BRD-K74402642,19
71,MCF7,BRD-K59369769,64
72,MCF7,BRD-K48692744,21
73,A549,BRD-K03618428,19
74,A549,BRD-A19500257,35
75,MCF7,BRD-K68202742,19
76,A549,BRD-K68202742,19
77,A549,BRD-A36630025,21
78,MCF7,BRD-K63923597,44
79,A549,BRD-K24132293,19
80,MCF7,BRD-A19500257,47
81,A549,BRD-A75409952,31
82,MCF7,BRD-A02481876,24
83,MCF7,BRD-K09907482,24
84,A549,BRD-K01976263,21
85,A549,BRD-A47829399,19
86,A549,BRD-K09499853,19
87,A549,BRD-K07303502,24
88,A549,BRD-A91699651,29
89,A549,BRD-K81418486,59
90,PC3,BRD-A75409952,28
91,HA1E,BRD-K85133207,22
92,MCF7,BRD-K88742110,22
93,MCF7,BRD2492 + BRD3308,17
94,PC3,BRD-K77908580,36
95,HA1E,BRD-K88742110,22
96,HA1E,BRD-K02130563,36
97,HA1E,BRD-K19826688,27
98,HA1E,BRD-K56301217,19
99,HA1E,BRD-K77908580,33
100,PC3,BRD-K56851771,18
101,PC3,BRD-K79404599,23
102,MDAMB231,BRD-K52911425,58
103,PC3,BRD-K54343811,22
104,MCF7,BRD-K94176593,25
105,HA1E,BRD-K36452089,16
106,A549,BRD-K21680192,49
107,HEPG2,BRD-K81418486,40
108,HA1E,BRD-K98948170,23
109,A375,BRD-K07572174,21
110,A549,BRD-K11433652,19
111,A549,BRD-K23984367,20
112,MCF7,BRD-K81332461,19
113,YAPC,BRD-K51313569,16
114,MCF7,BRD-A27376179,22
115,MCF7,BRD-A25619068,22
116,PC3,BRD-A23723433,19
117,A549,BRD-K96042922,22
118,A549,BRD-K11153516,27
119,MCF7,BRD-K96042922,30
120,PC3,BRD-K95986273,19
121,A549,BRD-K32107296,29
122,PC3,BRD-K64052750,37
123,MCF7,BRD-K76617868,23
124,PC3,BRD-K83896451,18
125,MCF7,BRD-K15108141,49
126,MCF7,BRD-A04020513,19
127,PC3,BRD-K45681478,19
128,PC3,BRD-K32107296,32
129,MCF7,BRD-K88378636,49
130,A549,BRD-K15108141,42
131,A549,BRD-A35588707,21
132,MCF7,BRD-A45889380,30
133,MCF7,BRD-K03618428,19
134,MCF7,BRD-K22503835,19
135,MCF7,BRD-K34581968,23
136,A549,BRD-K28296557,19
137,A549,BRD-K48692744,21
138,A549,BRD-K87142802,29
139,MCF7,BRD-A13122391,20
140,MCF7,BRD-K06792661,24
141,A549,BRD-K06854232,26
142,A549,BRD-K11853856,28
143,MCF7,BRD-K18190982,19
144,MCF7,BRD-K92317137,19
145,MCF7,BRD-K01121114,24
146,PC3,BRD-K81418486,75
147,MCF7,BRD-K31342827,22
148,MCF7,BRD-K52313696,41
149,MCF7,BRD-K64024097,22
150,HA1E,BRD2492 + BRD3308,17
151,MCF7,BRD-K35832492,22
152,PC3,BRD-K02130563,40
153,HA1E,BRD-K29107232,22
154,PC3,BRD-K00627859,22
155,MCF7,BRD-K29107232,22
156,MCF7,BRD-K85133207,22
157,MCF7,BRD-K00627859,22
158,HA1E,BRD-K61894884,22
159,A375,BRD-K01737880,20
160,HA1E,BRD-K29313308,22
161,A549,BRD-K33610132,18
162,PC3,BRD-K68552125,17
163,HELA,BRD-K03842655,25
164,MCF7,BRD-K28731095,22
165,PC3,BRD-K28307902,35
166,A549,BRD-K27305650,31
167,PC3,BRD-A19037878,28
168,MCF7,BRD-K57545991,30
169,HCC515,BRD-K80738081,16
170,MCF7,BRD-K77432048,19
171,MCF7,BRD-A01145011,19
172,A549,BRD-K78126613,30
173,A549,BRD-A68009927,25
174,MCF7,BRD-K05653692,26
175,A549,BRD-K88378636,32
176,A549,BRD-K08703257,30
177,A549,BRD-K35960502,26
178,A549,BRD-K15563106,19
179,A549,BRD-K92317137,19
180,A549,BRD-K18910433,29
181,MCF7,BRD-A18763547,19
182,MCF7,BRD-K61314889,24
183,MCF7,BRD-A47829399,19
184,MCF7,BRD-K20755323,19
185,VCAP,BRD-K81418486,22
186,PC3,BRD-K03641750,27
187,HA1E,BRD-K64024097,22
188,HT29,BRD-K98948170,20
189,HEPG2,BRD-A75409952,17
190,MCF7,BRD-K01737880,35
191,MCF7,BRD-K19826688,26
192,MCF7,BRD-K98109757,27
193,PC3,BRD-K83963101,31
194,MCF7,BRD-K42805893,23
195,A375,BRD-A68281735,17
196,PC3,BRD-A68281735,17
197,A549,BRD-A25619068,22
198,MCF7,BRD-K95142244,22
199,MCF7,BRD-K89391146,16
200,BJAB,BRD-K11215326,19
201,MCF7,BRD-K64052750,46
202,MCF7,BRD-K57080016,49
203,MCF7,BRD-A73680854,19
204,A549,BRD-K16406336,19
205,A549,BRD-K40758391,24
206,MCF7,BRD-A79768653,50
207,MCF7,BRD-K35960502,35
208,A549,BRD-K12184916,42
209,MCF7,BRD-K76674262,37
210,MCF7,BRD-K09499853,19
211,A549,BRD-A45889380,30
212,A549,BRD-K59369769,39
213,MCF7,BRD-K01976263,20
214,A549,BRD-K50128260,19
215,A549,BRD-A19633847,30
216,A549,BRD-K34581968,23
217,HA1E,BRD-K54343811,22
218,PC3,BRD-K10436544,22
219,HA1E,BRD-K81418486,40
220,A549,BRD-K31342827,23
221,HA1E,BRD-K26510616,22
222,PC3,BRD-K98948170,16
223,HA1E,BRD-K35832492,22
224,HEPG2,BRD-K93367411,18
225,A549,BRD-A19037878,21
226,HEPG2,BRD-K45330754,19
227,PC3,BRD-K87156652,17
228,HCC515,BRD-K11153516,21
229,PC3,BRD-K80738081,41
230,A549,BRD-K57545991,22
231,MCF7,BRD-A91699651,30
232,A549,BRD-K94920105,19
233,MCF7,BRD-K94920105,19
234,MCF7,BRD-K00615600,28
235,A549,BRD-K01779529,19
236,A549,BRD-K92093830,30
237,A549,BRD-A02481876,24
238,A549,BRD-K22503835,19
239,A549,BRD-K21672174,19
240,MCF7,BRD-K88510285,31
241,PC3,BRD-K01621458,22
242,MCF7,BRD-A37704979,24
243,A549,BRD-K66175015,33
244,A549,BRD-K12343256,24
245,A375,BRD-K02113016,21
246,HEPG2,BRD-K88378636,24
247,A375,BRD-K87156652,16
248,A549,BRD-K57080016,35
249,MCF7,BRD-K67868012,31
250,MINO,BRD-K11215326,19
251,HCC515,BRD-K97530723,16
252,MCF7,BRD-K45681478,19
253,PC3,BRD-K89732114,23
254,A549,BRD-K95142244,22
255,MCF7,BRD-K27305650,36
256,MCF7,BRD-K71879491,27
257,A549,BRD-K60230970,30
258,MCF7,BRD-K75532464,19
259,MCF7,BRD-K11163873,19
260,MCF7,BRD-K18910433,27
261,A549,BRD-A79465854,19
262,MCF7,BRD-A36630025,20
263,MCF7,BRD-K08417745,24
264,A549,BRD-K61314889,24
265,A549,BRD-A52650764,19
266,HA1E,BRD-K03641750,27
267,HA1E,BRD-K01621458,22
268,PC3,BRD-K85133207,22
269,MCF7,BRD-K83963101,37
270,MCF7,BRD-K12502280,31
271,HA1E,BRD-K52313696,33
272,PC3,BRD-K98109757,27
273,HA1E,BRD-K10436544,22
274,MCF7,BRD-K66175015,28
275,MCF7,BRD-K08109215,25
276,A549,BRD-K41524689,18
277,MCF7,BRD-K21680192,55
278,A549,BRD-A27376179,21
279,A549,BRD-K84937637,16
280,PC3,BRD-K27305650,30
281,MCF7,BRD-K59058747,19
282,HCC515,BRD-K73947551,16
283,PC3,BRD-K88378636,24
284,MCF7,BRD-K24132293,21
285,A549,BRD-A01145011,19
286,A549,BRD-K05653692,26
287,MCF7,BRD-K40758391,24
288,MCF7,BRD-A35588707,20
289,MCF7,BRD-A68009927,30
290,MCF7,BRD-A19633847,30
291,PC3,BRD-K56301217,21
292,HA1E,BRD-K98109757,27
293,PC3,BRD-K88742110,22
294,A375,BRD-K36740062,31
295,HEPG2,BRD-K07572174,28
296,PC3,BRD-K26510616,22
297,PC3,BRD-K51544265,23
298,HEPG2,BRD-K91692376,17
299,MCF7,BRD-K96123349,19
300,HA1E,BRD-K93367411,21
301,A549,BRD-K02404261,26
302,HEPG2,BRD-K08316444,16
303,A549,BRD-K70401845,36
304,MCF7,BRD-K53972329,23
305,A549,BRD-K76617868,23
306,HCC515,BRD-K81418486,22
307,A549,BRD-K57569181,29
308,A549,BRD-K63923597,32
309,MCF7,BRD-K12184916,46
310,MCF7,BRD-K87142802,29
311,MCF7,BRD-A85860691,19
312,MCF7,BRD-K07303502,24
313,HT29,BRD-K56301217,21
314,MCF7,BRD-K77908580,46
315,A549,BRD-K45330754,24
316,MCF7,BRD-K70401845,40
317,A375,BRD-K09132007,24
318,MCF7,BRD-K95986273,19
319,MCF7,BRD-K80738081,40
320,HCC515,BRD-A58955223,22
321,PC3,BRD-K50691590,20
322,MCF7,BRD-K57569181,37
323,MCF7,BRD-A28105619,24
324,MCF7,BRD-A75517195,19
325,MCF7,BRD-A52650764,23
326,A549,BRD-K01121114,24
327,MCF7,BRD-K16406336,23
328,MCF7,BRD-K21672174,19
329,A549,BRD-A79768653,41
330,PC3,BRD-K12502280,17
331,A549,BRD-K67868012,22
332,VCAP,BRD-K08663380,20
333,A549,BRD-A04553218,19
334,PC3,BRD-K35520305,20
335,PC3,BRD-K57080016,38
336,MCF7,BRD-K51313569,34
337,HCC515,BRD-K84937637,16
338,A549,BRD-A58955223,28
339,A549,BRD-K56032964,22
340,A549,BRD-K24844714,29
341,PC3,BRD-K96042922,30
342,MCF7,BRD-A23723433,18
343,MCF7,BRD-K28296557,19
344,MCF7,BRD-K06854232,30
345,A549,BRD-K09907482,24
346,PC3,BRD-K93754473,23
347,PC3,BRD-K67868012,21
348,PC3,BRD-K19826688,27
349,MCF7,BRD-K10436544,22
350,MCF7,BRD-K02113016,30
351,A549,BRD-K98948170,19
352,PC3,BRD-K02113016,21
353,MCF7,BRD-K89732114,27
354,MCF7,BRD-K01228321,19
355,A549,BRD-K76674262,37
356,A375,BRD-K56301217,21
357,MCF7,BRD-K23984367,32
358,A549,BRD-K02113016,27
359,PC3,BRD-A58955223,35
360,MCF7,BRD-K37890730,37
361,PC3,BRD-K01228321,19
362,A549,BRD-K77432048,19
363,HA1E,BRD-K67868012,19
364,MCF7,BRD-K29313308,22
365,MCF7,BRD-K67844266,21
366,MCF7,BRD-K07572174,41
367,A549,BRD-K73947551,16
368,MCF7,BRD-K32107296,37
369,A549,BRD-A75517195,19
370,MCF7,BRD-K08703257,30
371,MCF7,BRD-K50776152,24
372,A375,BRD-K67868012,21
373,HT29,BRD-K40175214,26
374,MCF7,BRD-K53581288,19
375,A549,BRD-K07572174,41
376,YAPC,BRD-K02113016,20
377,MCF7,BRD-A39996500,25
378,MCF7,BRD-K02407574,22
379,PC3,BRD-K73947551,24
380,A549,BRD-K11163873,19
381,MCF7,BRD-K61894884,22
382,MCF7,BRD-K35520305,20
383,PC3,BRD-K37890730,32
384,HCC515,BRD-K15108141,16
385,A549,BRD-K89391146,16
386,MCF7,BRD-A82892199,19
387,A549,BRD-K01737880,23
388,A549,BRD-A73680854,19
389,PC3,BRD-K64024097,22
390,MCF7,BRD-K98948170,16
391,A375,BRD-K57080016,21
392,MCF7,BRD-K11153516,35
393,PC3,BRD-K57569181,30
394,A549,BRD-K00615600,28
395,A549,BRD-K75532464,19
396,VCAP,BRD-K46791751,17
397,MCF7,BRD-K03641750,27
398,MCF7,BRD-K33610132,18
399,A375,BRD-K35520305,19
400,HT29,BRD-K89732114,17
401,MCF7,BRD-K32828673,19
402,HA1E,BRD-K81332461,19
403,PC3,BRD-K07572174,34
404,MCF7,BRD-A58955223,35
405,A549,BRD-A84481105,37
406,MCF7,BRD-K09132007,24
407,HA1E,BRD-K35520305,19
408,A549,BRD-K77695569,19
409,PC3,BRD-A82892199,19
410,TMD8,BRD-K11215326,19
411,HCC515,BRD-K24844714,16
412,A549,BRD-K50776152,24
413,MCF7,BRD-K56301217,30
414,A549,BRD-K89732114,18
415,MCF7,BRD-K92093830,30
416,HA1E,BRD-K07572174,27
417,MCF7,BRD-A68281735,21
418,A549,BRD-K20755323,19
419,A549,BRD-K41859756,28
420,A549,BRD-K08417745,24
421,PC3,BRD-K01737880,20
422,HCC515,BRD-K93367411,18
423,MCF7,BRD-A79465854,18
424,A549,BRD-K73319509,33
425,HEPG2,BRD-K98948170,23
426,HT29,BRD-K35520305,19
427,MCF10A,BRD-K49328571,34
428,MCF7,BRD-K24844714,37
429,MCF7,BRD-K12343256,34
430,PC3,BRD-K53061490,17
431,PC3,BRD-K11153516,35
432,A549,BRD-K64052750,34
433,MCF7,BRD-K83896451,19
434,MCF7,BRD-K50128260,19
435,MCF7,BRD-A42699921,18
436,YAPC,BRD-K89732114,16
437,MCF7,BRD-K54606188,19
438,THP1,BRD-K11215326,19
439,A549,BRD-K80738081,27
440,A549,BRD-K28307902,22
441,A549,BRD-K71879491,24
442,MCF10A,BRD-K12343256,18
443,PC3,BRD-K57545991,30
444,A549,BRD-K56301217,26
445,MCF7,BRD-K97530723,30
446,PC3,BRD-K15108141,31
447,A549,BRD-K97530723,22
448,A549,BRD-K96123349,19
449,MCF7,BRD-K86307448,20
450,MCF7,BRD-K41859756,31
451,HEPG2,BRD-A58955223,21
452,PC3,BRD-K97530723,30
453,MCF7,BRD-K01436366,26
454,MCF7,BRD-K01621458,22
455,A549,BRD-K73381542,18
456,PC3,BRD-K84937637,24
457,MCF7,BRD-K74402642,19
458,VCAP,BRD-A90490067,17
459,PC3,BRD-K52313696,34
460,HT29,BRD-K07572174,21
461,A549,BRD-K01815685,19
462,A549,BRD-K09132007,24
463,MCF7,BRD-K73947551,24
464,PC3,BRD-A44090213,17
465,A375,BRD-A44090213,17
466,HT29,BRD-K09132007,24
467,HA1E,BRD-K09132007,24
468,A375,BRD-K98948170,20
469,VCAP,BRD-K72382350,16
470,A549,BRD-K02407574,18
471,HT29,BRD-K67868012,21
472,A549,BRD-K87909389,42
473,MCF7,BRD-A15079084,19
474,MCF7,BRD-K28307902,30
475,MCF7,BRD-K50691590,20
476,PC3,BRD-A04020513,19
477,A549,BRD-K35520305,19
478,A375,BRD-K51313569,22
479,A549,BRD-K37890730,29
480,A549,BRD-K97746869,18
481,HCC515,BRD-K07572174,21
482,MCF10A,BRD-K85606544,34
483,MCF10A,BRD-K51313569,34
484,HEPG2,BRD-K93754473,18
485,YAPC,BRD-K57080016,16
486,PC3,BRD-K51313569,22
487,A375,BRD-K53061490,17
488,PC3,BRD-K09132007,24
489,A375,BRD-K89732114,19
490,MCF7,BRD-K77987382,29
491,A549,BRD-K19540840,20
492,HT29,BRD-A61304759,20
493,PC3,BRD-K75295174,19
494,MCF7,BRD-A13084692,25
495,HT29,BRD-A79768653,27
496,A375,BRD-A13084692,16
497,YAPC,BRD-K49865102,21
498,HA1E,BRD-K87909389,20
499,A375,BRD-K75295174,19
500,HT29,BRD-K75295174,19
501,HEPG2,BRD-K74514084,19
502,HT29,BRD-A13084692,23
503,A375,BRD-K49328571,23
504,A375,BRD-K66175015,22
505,HT29,BRD-A19037878,22
506,A549,BRD-A58280226,29
507,A549,BRD-A13084692,22
508,PC3,BRD-K19540840,20
509,HA1E,BRD-A79768653,20
510,A375,BRD-A79768653,21
511,HEPG2,BRD-A19037878,18
512,HEPG2,BRD-A61304759,16
513,HT29,BRD-K87909389,22
514,HA1E,BRD-K21680192,20
515,PC3,BRD-A13084692,22
516,A375,BRD-K21680192,27
517,A375,BRD-K49865102,23
518,VCAP,BRD-A19500257,20
519,PC3,BRD-A61304759,16
520,A375,BRD-A58280226,19
521,HT29,BRD-K21680192,34
522,MCF7,BRD-K19540840,27
523,A375,BRD-A19037878,21
524,MCF7,BRD-A58280226,32
525,A549,BRD-K90382497,16
526,A549,BRD-K75295174,27
527,HEPG2,BRD-A79768653,17
528,HA1E,BRD-A58280226,19
529,A549,BRD-K13662825,27
530,PC3,BRD-A58280226,19
531,MCF7,BRD-K75295174,27
532,PC3,BRD-K87909389,22
533,PC3,BRD-K21680192,30
534,VCAP,BRD-A75409952,23
535,PC3,BRD-A79768653,24
536,MCF7,BRD-K90382497,29
537,HT29,BRD-A58280226,19
538,MCF7,BRD-K49328571,39
539,PC3,BRD-K49328571,22
540,A375,BRD-K74514084,24
541,HT29,BRD-K66175015,21
542,PC3,BRD-K45746021,19
543,A375,BRD-K13662825,17
544,HA1E,BRD-K19540840,20
545,HT29,BRD-K49328571,21
546,A375,BRD-K45746021,19
547,HA1E,BRD-K75295174,19
548,MCF7,BRD-K45746021,19
549,HT29,BRD-K74514084,25
550,HA1E,BRD-K74514084,20
551,A549,BRD-K77947974,16
552,A549,BRD-K45746021,19
553,YAPC,BRD-K45746021,18
554,PC3,BRD-K74514084,19
555,A375,BRD-K87909389,23
556,MCF7,BRD-K13662825,27
557,HT29,BRD-K19540840,20
558,A375,BRD-K19540840,21
559,A549,BRD-K49865102,27
560,MCF7,BRD-K49865102,36
561,HA1E,BRD-K49328571,20
562,A549,BRD-K49328571,27
563,PC3,BRD-K49865102,22
564,A549,BRD-K74514084,32
565,MCF7,BRD-K74514084,30
566,PC3,BRD-K13662825,19
567,PC3,BRD-K66175015,22
568,XC.L100.M,BRD-K19687926,19
569,A549,BRD-K16730910,26
570,A375,BRD-K79602928,20
571,A375,BRD-K67578145,19
572,HA1E,BRD-A58955223,25
573,MCF7,BRD-K70301465,18
574,MCF10A,BRD-A45498368,20
575,MDAMB231,BRD-K06569345,20
576,MCF7,BRD-K64800655,42
577,BT20,BRD-A60245366,20
578,MCF10A,BRD-K52911425,20
579,MCF10A,BRD-K64890080,31
580,BT20,BRD-K52911425,20
581,MCF10A,BRD-K56343971,31
582,MDAMB231,BRD-K63923597,19
583,BT20,BRD-K92723993,20
584,BT20,BRD-K79090631,20
585,BT20,BRD-K56343971,20
586,A549,BRD-A02006392,21
587,MCF10A,BRD-K92723993,31
588,A549,BRD-K41895714,26
589,MDAMB231,BRD-K16478699,20
590,HT29,BRD-K44876623,16
591,SKBR3,BRD-K79090631,17
592,A549,BRD-K66404838,21
593,MCF7,BRD-K93754473,26
594,A375,BRD-K93754473,19
595,MCF7,BRD-K55127134,16
596,PC3,BRD-K63828191,21
597,PC3,BRD-K05104363,19
598,MCF7,BRD-A02006392,21
599,PC3,BRD-A22032524,16
600,PC3,BRD-A11990600,16
601,PC3,BRD-A90490067,17
602,SKBR3,BRD-K93747373,17
603,HT29,BRD-A48237631,16
604,HT29,BRD-A58955223,22
605,MDAMB231,BRD-K99545815,31
606,MCF7,BRD-K97764662,20
607,MCF7,BRD-K68065987,33
608,HT29,BRD-K62200014,16
609,MCF7,BRD-K04466929,19
610,MCF7,BRD-K32164935,20
611,MCF7,BRD-K11717138,21
612,THP1,BRD-K81418486,37
613,PC3,BRD-K81528515,20
614,HA1E,BRD-K53665955,18
615,MCF10A,BRD-K40175214,20
616,MCF7,BRD-A87137733,17
617,BT20,BRD-K19540840,20
618,HS578T,BRD-A24396574,17
619,MCF7,BRD-A21584801,17
620,SKBR3,BRD-K49328571,17
621,MCF10A,BRD-A21584801,16
622,HT29,BRD-K62858456,16
623,MCF7,BRD-K93034159,21
624,A549,BRD-K68488863,26
625,SKBR3,BRD-K21680192,17
626,MDAMB231,BRD-K08799216,20
627,MCF10A,BRD-K04887706,31
628,MCF10A,BRD-K57282030,20
629,MDAMB231,BRD-K64052750,31
630,MCF7,BRD-K16478699,25
631,MDAMB231,BRD-K81418486,16
632,A549,BRD-K87737963,19
633,HT29,BRD-K99749624,19
634,A375,BRD-K60866521,18
635,HA1E,BRD-K33379087,18
636,HT29,BRD-K70401845,26
637,PC3,BRD-K70401845,26
638,A375,BRD-K64052750,20
639,HELA,BRD-K09255212,25
640,HELA,BRD-K30331124,25
641,A375,BRD-K25650355,17
642,A375,BRD-K76908866,19
643,HT29,BRD-K50498985,18
644,A549,BRD-K02130563,20
645,HA1E,BRD-K70301465,18
646,A549,BRD-K88510285,26
647,A375,BRD-K88510285,16
648,A375,BRD-K17743125,20
649,HELA,BRD-A32269193,25
650,HELA,BRD-K19388745,25
651,MCF7,BRD-A74980173,27
652,MCF10A,BRD-A58767537,16
653,HS578T,BRD-K13390322,20
654,MDAMB231,BRD-K95435023,20
655,MDAMB231,BRD-K43389698,28
656,HELA,BRD-A26711594,25
657,HELA,BRD-K30421593,25
658,HELA,BRD-A17462676,25
659,HELA,BRD-K21718444,30
660,A375,BRD-K77908580,23
661,YAPC,BRD-K37764012,18
662,HA1E,BRD-K56343971,19
663,MCF7,BRD-K66538826,29
664,YAPC,BRD-A58280226,18
665,HELA,BRD-A19195498,25
666,HELA,BRD-K09711437,25
667,HELA,BRD-K24844714,25
668,HT29,BRD-K68488863,18
669,MCF7,BRD-K82746043,21
670,HT29,BRD-K42191735,18
671,A549,BRD-K92428232,28
672,A549,BRD-K44827188,18
673,HA1E,BRD-K13662825,17
674,A375,BRD-K99749624,18
675,A375,BRD-K70401845,25
676,HA1E,BRD-K99964838,19
677,HA1E,BRD-K11153516,18
678,HELA,BRD-K16444452,25
679,PC3,BRD-K19687926,26
680,HELA,BRD-K35687421,25
681,MCF7,BRD-A03249105,21
682,HELA,BRD-A27732521,25
683,HELA,BRD-K33141550,25
684,HELA,BRD-K09132007,30
685,A375,BRD-K49075727,18
686,A375,BRD-K64785675,16
687,HUVEC.A,BRD-K82928847,18
688,MCF7,BRD-K87737963,29
689,PC3,BRD-K68065987,19
690,HELA,BRD-K57169635,18
691,MCF7,BRD-K49807096,21
692,A375,BRD-K59317601,18
693,A549,BRD-K79131256,21
694,A549,BRD-K77987382,21
695,THP1,BRD-K70511574,18
696,A549,BRD-K77625799,26
697,A549,BRD-K13154216,21
698,MCF10A,BRD-K05804044,25
699,HEK293,BRD-K02123250,18
700,A549,BRD-K35189033,21
701,THP1,BRD-K05804044,29
702,MINO,BRD-K61567297,19
703,THP1,BRD-A30655177,19
704,MCF7,BRD-K07691486,38
705,THP1,BRD-A28746609,30
706,HA1E,BRD-K07691486,19
707,MCF7,BRD-A11990600,21
708,A549,BRD-K53414658,26
709,MDAMB231,BRD-K13662825,18
710,MCF10A,BRD-K54256913,20
711,THP1,BRD-K49328571,35
712,A375,BRD-K78431006,21
713,HUVEC.A,BRD-K77908580,18
714,TMD8,BRD-K92428153,19
715,THP1,BRD-K98039984,19
716,TMD8,BRD-A50998626,19
717,MCF7,BRD-K16730910,20
718,HT29,BRD-A22032524,16
719,YAPC,BRD-K16730910,18
720,THP1,BRD-K61567297,24
721,THP1,BRD-K08109215,24
722,TMD8,BRD-K19295594,19
723,THP1,BRD-K70301465,36
724,A549,BRD-K77908580,27
725,PC3,BRD-K74065929,21
726,TMD8,BRD-K81418486,31
727,BJAB,BRD-K94199083,19
728,BJAB,BRD-A79768653,31
729,MCF10A,BRD-K59317601,18
730,THP1,BRD-K74514084,29
731,JURKAT,BRD-K07572174,19
732,HELA,BRD-K40738845,18
733,HEK293,BRD-K57169635,18
734,PC3,BRD-K62200014,16
735,MINO,BRD-A61304759,19
736,A375,BRD-K53665955,18
737,MINO,BRD-A79768653,25
738,A375,BRD-K07691486,21
739,PC3,BRD-K53665955,18
740,THP1,BRD-K70401845,30
741,A375,BRD-K33379087,18
742,A549,BRD-K33226500,21
743,MCF7,BRD-K65781196,21
744,MCF7,BRD-K07857022,20
745,MCF7,BRD-K04887706,39
746,MCF7,BRD-K17743125,26
747,A549,BRD-K27182532,21
748,A549,BRD-K44844162,21
749,A549,BRD-K71035033,26
750,A549,BRD-A48237631,21
751,MCF7,BRD-K05804044,41
752,MCF7,BRD-K71035033,29
753,PC3,BRD-K47503321,19
754,BJAB,BRD-K11357827,19
755,BJAB,BRD-K44844162,19
756,TMD8,BRD-K71035033,19
757,TMD8,BRD-K81528515,19
758,THP1,BRD-K99964838,24
759,PC3,BRD-K32821942,16
760,A549,BRD-K17075857,21
761,A549,BRD-K78431006,28
762,SKBR3,BRD-K03063480,20
763,SKBR3,BRD-K99749624,20
764,SKBR3,BRD-K49865102,20
765,HS578T,BRD-K78431006,20
766,HS578T,BRD-K41895714,20
767,A549,BRD-K17705806,21
768,A549,BRD-K63828191,26
769,MCF7,BRD-K92428232,34
770,A549,BRD-K15567136,21
771,A549,BRD-K50168500,26
772,A549,BRD-K51544265,35
773,A549,BRD-K76205745,23
774,MCF7,BRD-K94534639,21
775,MCF7,BRD-K31447894,21
776,A549,BRD-K43966364,21
777,MCF7,BRD-K70301876,21
778,MCF7,BRD-A22032524,21
779,MCF7,BRD-A92537424,21
780,HA1E,BRD-K76908866,19
781,A549,BRD-K05104363,26
782,MCF7,BRD-A73741725,21
783,THP1,BRD-K48443249,19
784,THP1,BRD-K60866521,34
785,BJAB,BRD-K30577245,19
786,BJAB,BRD-K81418486,31
787,BJAB,BRD-A77216878,19
788,TMD8,BRD-K98795921,19
789,BJAB,BRD-K87782578,25
790,THP1,BRD-K92723993,30
791,THP1,BRD-K71223042,19
792,BJAB,BRD-A50998626,19
793,MINO,BRD-K36280065,19
794,MINO,BRD-K48443249,19
795,SKBR3,BRD-K95435023,20
796,MDAMB231,BRD-A58280226,25
797,A549,BRD-K17743125,26
798,MCF7,BRD-K25630527,21
799,A549,BRD-K56957086,21
800,MCF7,BRD-K79254416,26
801,A549,BRD-K59875992,21
802,MCF7,BRD-K84163249,21
803,A549,BRD-A08545410,21
804,A549,BRD-K99023089,21
805,MCF7,BRD-K44844162,21
806,MCF7,BRD-K24968862,21
807,A549,BRD-K45158365,21
808,MCF7,BRD-K92723993,33
809,MCF7,BRD-K05104363,38
810,MCF7,BRD-A97437073,21
811,A549,BRD-K93918653,26
812,HA1E,BRD-K93754473,19
813,HA1E,BRD-K19687926,19
814,HS578T,BRD-K59369769,20
815,XC.L100.L,BRD-K86118762,19
816,A375,BRD-K39339537,20
817,HA1E,BRD-K73037408,17
818,XC.L100.M,BRD-A12230535,19
819,A375,BRD-K81144366,20
820,XC.L100.M,BRD-K59369769,19
821,MCF10A,BRD-K19687926,20
822,MCF7,BRD-K50140147,20
823,MCF7,BRD-K52751261,32
824,BT20,BRD-K07691486,20
825,BT20,BRD-K40175214,19
826,MDAMB231,BRD-K00337317,20
827,MCF10A,BRD-K99545815,30
828,MDAMB231,BRD-K76908866,31
829,MDAMB231,BRD-K53414658,25
830,MCF10A,BRD-K79404599,31
831,MCF7,BRD-K79090631,20
832,PC3,BRD-K62858456,16
833,PC3,BRD-K64890080,21
834,BT20,BRD-K63068307,20
835,PC3,BRD-K64800655,24
836,HT29,BRD-K22134346,16
837,MCF7,BRD-K64890080,39
838,PC3,BRD-K52911425,19
839,PC3,BRD-K93918653,21
840,SKBR3,BRD-K06569345,17
841,MCF10A,BRD-K63923597,20
842,A375,BRD-A48237631,16
843,PC3,BRD-K55127134,17
844,MCF7,BRD-A77216878,20
845,PC3,BRD-A48237631,16
846,MCF7,BRD-K07881437,23
847,MCF7,BRD-K76205745,23
848,MCF7,BRD-A36275421,19
849,A549,BRD-K88560311,17
850,SKBR3,BRD-K63068307,17
851,MDAMB231,BRD-K51313569,31
852,HA1E,BRD-K53414658,19
853,HT29,BRD-K63828191,21
854,MCF7,BRD-K50168500,30
855,HT29,BRD-K54640016,20
856,MCF7,BRD-K93747373,20
857,HS578T,BRD-K58772419,20
858,SKBR3,BRD-K57282030,17
859,SKBR3,BRD-A45498368,17
860,HS578T,BRD-K07667918,17
861,PC3,BRD-K43797669,22
862,HA1E,BRD-K78431006,19
863,MCF7,BRD-K53665955,18
864,SKBR3,BRD-K13390322,17
865,MCF10A,BRD-K59369769,31
866,SKBR3,BRD-A87137733,20
867,MDAMB231,BRD-K20285085,20
868,HA1E,BRD-K12184916,19
869,A549,BRD-K79404599,19
870,A549,BRD-K08109215,19
871,A375,BRD-K54256913,18
872,HT29,BRD-K68065987,18
873,HT29,BRD-K12184916,21
874,HA1E,BRD-K02113016,18
875,HA1E,BRD-K49865102,19
876,HELA,BRD-K11267252,30
877,HELA,BRD-K15976406,25
878,HELA,BRD-K28542495,25
879,HELA,BRD-K32501161,25
880,HT29,BRD-K03449891,18
881,A375,BRD-K81528515,19
882,HELA,BRD-K07954936,25
883,MCF7,BRD-K00521308,21
884,HELA,BRD-K33453211,25
885,MCF7,BRD-K43797669,22
886,HL60,BRD-A19037878,16
887,SKBR3,BRD-K67868012,20
888,BT20,BRD-K49328571,20
889,HELA,BRD-K34341643,25
890,HELA,BRD-K19687926,25
891,YAPC,BRD-K53414658,18
892,HT29,BRD-K37687095,18
893,HT29,BRD-K85606544,23
894,HA1E,BRD-K21718444,18
895,HELA,BRD-A29322418,25
896,HELA,BRD-K08832567,25
897,MCF7,BRD-A87130939,21
898,PC3,BRD-K80700417,18
899,A375,BRD-K50168500,18
900,HT29,BRD-K73319509,18
901,HA1E,BRD-K08799216,18
902,HA1E,BRD-K92723993,19
903,PC3,BRD-K37764012,18
904,PC3,BRD-K22134346,16
905,A549,BRD-K70301465,18
906,HT29,BRD-K71035033,21
907,HT29,BRD-K56343971,21
908,A549,BRD-K51747290,20
909,PC3,BRD-K50168500,19
910,HELA,BRD-K17513304,25
911,HELA,BRD-K27955832,25
912,HELA,BRD-K16732600,25
913,HELA,BRD-K25394294,25
914,HELA,BRD-A28545468,25
915,HELA,BRD-A17655518,25
916,HELA,BRD-K31841515,25
917,HELA,BRD-K16730910,30
918,HELA,BRD-K17894950,25
919,HELA,BRD-K35520305,25
920,HT29,BRD-K92428232,18
921,PC3,BRD-K07691486,21
922,MCF7,BRD-K92241597,20
923,MCF7,BRD-K62391742,21
924,MCF7,BRD-K36627727,27
925,MCF10A,BRD-K54997624,16
926,A549,BRD-K57252450,21
927,MCF10A,BRD-K51544265,18
928,A375,BRD-K44876623,16
929,THP1,BRD-K72420232,18
930,MCF10A,BRD-K57080016,31
931,YAPC,BRD-K49328571,20
932,HELA,BRD-K33379087,30
933,MCF7,BRD-K44227013,18
934,MINO,BRD-K08109215,19
935,BJAB,BRD-K19687926,19
936,MINO,BRD-A13689093,19
937,BJAB,BRD-K13514097,25
938,HT29,BRD-K36627727,16
939,A375,BRD-K89162000,17
940,MDAMB231,BRD-K79404599,31
941,A549,BRD-A97437073,21
942,A549,BRD-K47554101,21
943,A549,BRD-K93123848,18
944,TMD8,BRD-A13689093,19
945,TMD8,BRD-A82772293,19
946,TMD8,BRD-A79768653,31
947,A549,BRD-K72827473,21
948,HELA,BRD-K77625799,18
949,THP1,BRD-A79768653,42
950,A375,BRD-K20285085,20
951,PC3,BRD-K92723993,21
952,TMD8,BRD-K87782578,25
953,A549,BRD-A11990600,21
954,A549,BRD-A62025033,21
955,A549,BRD-K07881437,23
956,A549,BRD-K49807096,21
957,MCF7,BRD-K72827473,21
958,MCF7,BRD-K03449891,35
959,A549,BRD-K73999723,21
960,A549,BRD-K71480163,21
961,A549,BRD-A48430263,21
962,A549,BRD-K00521308,21
963,MCF7,BRD-K41213548,21
964,A549,BRD-K41213548,21
965,A549,BRD-K45542189,21
966,A549,BRD-K78485176,21
967,MCF7,BRD-A48430263,21
968,A549,BRD-K93034159,21
969,BJAB,BRD-K64052750,19
970,TMD8,BRD-A28746609,19
971,BJAB,BRD-K70401845,19
972,MINO,BRD-A30655177,19
973,BJAB,BRD-K62014504,19
974,HT29,BRD-K07691486,21
975,A549,BRD-K03816923,16
976,HS578T,BRD-K05104363,20
977,MDAMB231,BRD-K71035033,25
978,HS578T,BRD-K15592317,20
979,MCF7,BRD-K02708799,17
980,MCF7,BRD-K16189898,17
981,A549,BRD-K64890080,26
982,A549,BRD-K84091759,21
983,A549,BRD-A22032524,21
984,A549,BRD-K07691486,26
985,A549,BRD-K56343971,26
986,MCF7,BRD-K41895714,33
987,A549,BRD-K33732501,21
988,A549,BRD-K41260949,21
989,A549,BRD-K64800655,35
990,A549,BRD-K67102207,21
991,MCF7,BRD-K32318651,20
992,A549,BRD-K05804044,35
993,PC3,BRD-K41260949,17
994,A549,BRD-K95901403,21
995,TMD8,BRD-K53972329,26
996,MINO,BRD-K19295594,19
997,THP1,BRD-K88510285,25
998,MDAMB231,BRD-K94176593,20
999,A549,BRD-A73741725,21
1000,HS578T,BRD-K57282030,20
1001,A549,BRD-K28456624,21
1002,A549,BRD-A78195072,21
1003,MCF7,BRD-K51544265,35
1004,A549,BRD-A30984645,21
1005,A549,BRD-K22134346,21
1006,MCF7,BRD-K82941592,21
1007,MCF7,BRD-A22684332,16
1008,A549,BRD-K71221037,21
1009,MCF7,BRD-A50998626,21
1010,A549,BRD-K48068743,21
1011,MDAMB231,BRD-A58767537,20
1012,SKBR3,BRD-K04801023,20
1013,HS578T,BRD-K42191735,17
1014,HS578T,BRD-K04833372,17
1015,A375,BRD-K23984367,27
1016,XC.L100.L,BRD-K66175015,19
1017,A375,BRD-K92049597,20
1018,XC.L100.L,BRD-K70401845,19
1019,XC.L100.M,BRD-K78431006,19
1020,MDAMB231,BRD-K05104363,31
1021,MCF10A,BRD-A79768653,34
1022,MDAMB231,BRD-K64890080,31
1023,BT20,BRD-K51313569,20
1024,BT20,BRD-K00337317,20
1025,MCF7,BRD-K76908866,31
1026,MDAMB231,BRD-K19687926,20
1027,MCF10A,BRD-K53414658,25
1028,MCF7,BRD-K78431006,41
1029,MDAMB231,BRD-K49328571,31
1030,PC3,BRD-K33882852,17
1031,MCF7,BRD-K25311561,19
1032,BT20,BRD-K57080016,20
1033,MCF10A,BRD-K06569345,20
1034,HT29,BRD-K59369769,21
1035,MDAMB231,BRD-K93918653,25
1036,SKBR3,BRD-A60245366,16
1037,BT20,BRD-K85606544,20
1038,HT29,BRD-K77908580,21
1039,MCF7,BRD-A31159102,21
1040,A549,BRD-A31159102,21
1041,HT29,BRD-K64052750,21
1042,PC3,BRD-K36627727,16
1043,MCF7,BRD-K45158365,20
1044,MCF7,BRD-K29950728,21
1045,MCF7,BRD-K84091759,21
1046,A375,BRD-K70914287,16
1047,PC3,BRD-K53414658,19
1048,A375,BRD-K85606544,23
1049,MCF7,BRD-K63430059,20
1050,MCF7,BRD-K00337317,20
1051,MCF7,BRD-K79759585,20
1052,MCF10A,BRD-K19220233,16
1053,MDAMB231,BRD-K79090631,20
1054,MCF10A,BRD-K87909389,30
1055,MCF10A,BRD-K79090631,20
1056,SKBR3,BRD-K42191735,20
1057,MCF7,BRD-K99545815,26
1058,HS578T,BRD-K97764662,20
1059,SKBR3,BRD-K41895714,17
1060,PC3,BRD-K76908866,19
1061,MCF7,BRD-K95435023,17
1062,MDAMB231,BRD-K99252563,20
1063,SKBR3,BRD-K52911425,17
1064,MDAMB231,BRD-K49669041,20
1065,HS578T,BRD-K49865102,17
1066,BT20,BRD-K99252563,20
1067,MCF7,BRD-K99749624,30
1068,HELA,BRD-K31309378,25
1069,HELA,BRD-K34022604,25
1070,HA1E,BRD-K05104363,19
1071,HA1E,BRD-K37764012,18
1072,HA1E,BRD-K93918653,19
1073,A375,BRD-K20001883,18
1074,HELA,BRD-K28984613,25
1075,A375,BRD-K24576554,18
1076,MCF10A,BRD-K67868012,16
1077,HS578T,BRD-K70401845,17
1078,HS578T,BRD-K56751279,17
1079,BT20,BRD-K15592317,20
1080,SKBR3,BRD-K03449891,20
1081,HELA,BRD-K19939891,25
1082,HELA,BRD-A09533288,25
1083,HELA,BRD-K08859203,25
1084,HELA,BRD-A02006392,25
1085,PC3,BRD-K44876623,16
1086,HT29,BRD-K79254416,18
1087,HELA,BRD-K53414658,18
1088,A375,BRD-K64890080,21
1089,HELA,BRD-A29289453,25
1090,HELA,BRD-K36732695,25
1091,HELA,BRD-A07986123,25
1092,HELA,BRD-K24723746,25
1093,MCF7,BRD-K69726595,21
1094,MCF7,BRD-K78659596,27
1095,HA1E,BRD-K66538826,18
1096,MCF7,BRD-K41599323,21
1097,PC3,BRD-K42191735,18
1098,HT29,BRD-K78431006,22
1099,MCF7,BRD-K54256913,22
1100,HELA,BRD-K24616672,25
1101,HELA,BRD-K36627727,25
1102,HELA,BRD-K10859802,25
1103,HT29,BRD-K23984367,20
1104,HELA,BRD-A16296925,25
1105,MCF7,BRD-K41260949,24
1106,JURKAT,BRD-K66538826,18
1107,A375,BRD-K03449891,18
1108,HT29,BRD-K64890080,20
1109,MCF7,BRD-A06935312,21
1110,HELA,BRD-K37764012,18
1111,A375,BRD-K71035033,21
1112,HA1E,BRD-K68488863,18
1113,A549,BRD-K36280065,21
1114,MCF7,BRD-A30051119,21
1115,HT29,BRD-K19687926,26
1116,HELA,BRD-K19477839,18
1117,HELA,BRD-K66538826,18
1118,JURKAT,BRD-K92428232,18
1119,PC3,BRD-K72414522,18
1120,JURKAT,BRD-K49328571,18
1121,HELA,BRD-K51544265,18
1122,MCF7,BRD-K97399794,20
1123,MCF10A,BRD-K03449891,27
1124,OCILY19,BRD-K81418486,19
1125,THP1,BRD-K99749624,20
1126,MCF7,BRD-K12539581,16
1127,MCF7,BRD-K51575138,16
1128,PC3,BRD-K42828737,17
1129,MINO,BRD-K40624912,19
1130,MCF7,BRD-K62200014,21
1131,A549,BRD-K36627727,20
1132,MCF10A,BRD-K45746021,18
1133,A375,BRD-A22032524,16
1134,TMD8,BRD-A30655177,19
1135,BJAB,BRD-A28746609,19
1136,THP1,BRD-K52751261,24
1137,MCF10A,BRD-K68065987,31
1138,HELA,BRD-K71035033,18
1139,YAPC,BRD-K93918653,20
1140,HELA,BRD-K74514084,18
1141,JURKAT,BRD-K12787259,18
1142,PC3,BRD-K11267252,20
1143,BJAB,BRD-K70301465,25
1144,MCF7,BRD-K93918653,32
1145,THP1,BRD-K18787491,19
1146,A549,BRD-K99451608,21
1147,A549,BRD-K32821942,21
1148,A549,BRD-K37687095,26
1149,MCF7,BRD-K28456624,21
1150,A549,BRD-K03390685,21
1151,MCF7,BRD-K71480163,21
1152,MCF7,BRD-K97472745,21
1153,A549,BRD-K13390322,26
1154,A549,BRD-K62734952,21
1155,MCF7,BRD-K63828191,26
1156,A549,BRD-K94534639,21
1157,A549,BRD-K63750851,21
1158,A549,BRD-K92723993,26
1159,HA1E,BRD-K13390322,19
1160,THP1,BRD-A30984645,30
1161,THP1,BRD-K45995181,19
1162,THP1,BRD-K49456274,24
1163,A549,BRD-K70301876,21
1164,SKBR3,BRD-K85402309,20
1165,MDAMB231,BRD-K56301217,24
1166,MCF7,BRD-K04853698,22
1167,HS578T,BRD-A60245366,20
1168,HS578T,BRD-K19687926,20
1169,MDAMB231,BRD-A87137733,20
1170,A549,BRD-A30051119,21
1171,MCF7,BRD-A26503646,21
1172,MCF7,BRD-K13646352,21
1173,MCF7,BRD-A02367930,21
1174,MCF7,BRD-K13154216,21
1175,A549,BRD-K52751261,26
1176,MCF7,BRD-K09951645,26
1177,MCF7,BRD-K88560311,17
1178,MCF7,BRD-A12230535,26
1179,MCF7,BRD-K37687095,35
1180,MCF7,BRD-K15592317,20
1181,MCF7,BRD-A10523515,19
1182,TMD8,BRD-K36280065,19
1183,THP1,BRD-K66175015,24
1184,MINO,BRD-K77503770,19
1185,MINO,BRD-K88510285,16
1186,BJAB,BRD-A61304759,19
1187,MCF7,BRD-K33379087,22
1188,THP1,BRD-A13689093,19
1189,MCF7,BRD-K53517854,21
1190,U2OS,BRD-K05804044,19
1191,A549,BRD-K52313696,27
1192,A549,BRD-A03506276,21
1193,A549,BRD-K40870905,21
1194,MCF7,BRD-K99964838,20
1195,A549,BRD-K09951645,26
1196,U2OS,BRD-K64800655,19
1197,MCF7,BRD-K48068743,21
1198,MDAMB231,BRD-K12343256,20
1199,HS578T,BRD-A45498368,20
1200,SKBR3,BRD-K50168500,20
1201,XC.L100.M,BRD-K86118762,19
1202,XC.L100.M,BRD-K37890730,19
1203,A375,BRD-K63675182,20
1204,A549,BRD-K59317601,17
1205,XC.L100.M,BRD-K49865102,19
1206,XC.L100.L,BRD-A25004090,19
1207,MCF10A,BRD-K13390322,31
1208,HA1E,BRD-K45330754,21
1209,MCF10A,BRD-K76908866,31
1210,MCF10A,BRD-K93918653,25
1211,SKBR3,BRD-K19687926,21
1212,MCF10A,BRD-K49669041,20
1213,PC3,BRD-A84481105,19
1214,HT29,BRD-K43797669,19
1215,A375,BRD-K13390322,20
1216,MCF7,BRD-K45542189,21
1217,MCF7,BRD-K22134346,21
1218,HT29,BRD-K92723993,21
1219,MDAMB231,BRD-A79768653,30
1220,MCF7,BRD-K51318897,16
1221,MCF7,BRD-A10977446,20
1222,MCF7,BRD-A22305049,20
1223,HT29,BRD-K99451608,16
1224,SKBR3,BRD-K37687095,20
1225,HS578T,BRD-K67868012,17
1226,SKBR3,BRD-K70401845,24
1227,HS578T,BRD-K85606544,20
1228,BT20,BRD-K49669041,20
1229,HS578T,BRD-K03449891,17
1230,HS578T,BRD-K01436366,20
1231,A549,BRD-K34022604,21
1232,HELA,BRD-K25837718,25
1233,HELA,BRD-K25204779,25
1234,HELA,BRD-K31812033,25
1235,PC3,BRD-K33379087,18
1236,YAPC,BRD-K02123250,18
1237,HA1E,BRD-K51313569,19
1238,A375,BRD-A12230535,21
1239,HELA,BRD-K09549677,25
1240,HELA,BRD-A19736161,25
1241,A375,BRD-K45330754,19
1242,MCF10A,BRD-K41895714,31
1243,SKBR3,BRD-K92723993,17
1244,YAPC,BRD-K42805893,18
1245,HELA,BRD-K23499943,25
1246,HELA,BRD-K09078998,25
1247,HA1E,BRD-K51544265,18
1248,A375,BRD-K73319509,18
1249,HELA,BRD-A09472452,25
1250,HELA,BRD-K30126819,25
1251,A375,BRD-K99964838,19
1252,HELA,BRD-K22024824,25
1253,A375,BRD-K80700417,18
1254,MCF7,BRD-K70511574,29
1255,MCF7,BRD-K57169635,18
1256,A375,BRD-K68065987,18
1257,A375,BRD-K70511574,23
1258,YAPC,BRD-K86797399,18
1259,HT29,BRD-K66538826,18
1260,PC3,BRD-K92428232,19
1261,MCF7,BRD-K58772419,25
1262,HELA,BRD-K25650355,25
1263,HELA,BRD-K10670311,25
1264,HELA,BRD-K34469523,25
1265,A375,BRD-K11267252,20
1266,HELA,BRD-K26341917,25
1267,HELA,BRD-K26011976,25
1268,HELA,BRD-A10967948,25
1269,HT29,BRD-K57169635,18
1270,PC3,BRD-K56343971,21
1271,A549,BRD-K42417338,21
1272,HELA,BRD-K09951645,30
1273,HELA,BRD-K93123848,18
1274,MINO,BRD-K87782578,19
1275,TMD8,BRD-K60866521,25
1276,TMD8,BRD-K62391742,19
1277,A549,BRD-K78659596,21
1278,MCF7,BRD-A03506276,21
1279,A549,BRD-K55026842,21
1280,A549,BRD-K66615216,21
1281,MCF10A,BRD-K56751279,27
1282,HT29,BRD-K08109215,18
1283,A549,BRD-K93754473,26
1284,BJAB,BRD-K71223042,19
1285,HT29,BRD-A11990600,16
1286,TMD8,BRD-A77216878,17
1287,BJAB,BRD-A82772293,19
1288,HBL1,BRD-K21680192,19
1289,TMD8,BRD-K19687926,19
1290,JURKAT,BRD-K51544265,18
1291,HELA,BRD-K02113016,18
1292,MCF7,BRD-A35869383,18
1293,MINO,BRD-K92428153,19
1294,OCILY3,BRD-K21680192,19
1295,PC3,BRD-K50498985,18
1296,A549,BRD-K85751432,21
1297,A549,BRD-K50498985,26
1298,A549,BRD-K53517854,21
1299,A549,BRD-K70511574,31
1300,MCF7,BRD-K51747290,21
1301,MCF7,BRD-K78485176,21
1302,TMD8,BRD-K99964838,19
1303,THP1,BRD-K79404599,24
1304,TMD8,BRD-A61304759,19
1305,BJAB,BRD-K98795921,19
1306,A549,BRD-K76908866,19
1307,MDAMB231,BRD-K07667918,20
1308,A549,BRD-K97472745,21
1309,MCF7,BRD-K52233191,21
1310,MCF7,BRD-K64925568,21
1311,MCF7,BRD-K89162000,24
1312,A549,BRD-K66538826,26
1313,MCF7,BRD-K68488863,26
1314,A549,BRD-K61397605,21
1315,MCF7,BRD-K63750851,21
1316,MCF7,BRD-K33732501,21
1317,MCF7,BRD-K12867552,21
1318,A549,BRD-K72414522,26
1319,HA1E,BRD-K50168500,19
1320,TMD8,BRD-K77503770,19
1321,THP1,BRD-K92428232,29
1322,HS578T,BRD-K08799216,16
1323,A549,BRD-K28360340,17
1324,A549,BRD-K07857022,21
1325,A549,BRD-K04887706,28
1326,U2OS,BRD-K51544265,19
1327,MCF7,BRD-K77625799,26
1328,A549,BRD-K76197012,21
1329,MCF7,BRD-K62858456,21
1330,A549,BRD-K74065929,27
1331,A549,BRD-A02367930,21
1332,MCF7,BRD-K68870568,21
1333,MCF7,BRD-K35189033,21
1334,MCF7,BRD-K73237276,21
1335,A549,BRD-K99749624,26
1336,A549,BRD-K25630527,21
1337,MCF7,BRD-A78195072,21
1338,HA1E,BRD-K79254416,19
1339,A549,BRD-K17894950,21
1340,MCF7,BRD-K32821942,21
1341,SKBR3,BRD-K04833372,20
1342,HS578T,BRD-K79090631,20
1343,XC.L100.L,BRD-A63610676,19
1344,XC.L100.M,BRD-K16478699,19
1345,XC.L100.L,BRD-K15616905,19
1346,MCF10A,BRD-K13566078,20
1347,MCF7,BRD-K56343971,38
1348,BT20,BRD-A45498368,20
1349,BT20,BRD-K64800655,20
1350,BT20,BRD-K20285085,20
1351,SKBR3,BRD-K63923597,17
1352,SKBR3,BRD-K85606544,21
1353,PC3,BRD-K25650355,17
1354,HA1E,BRD-K68065987,19
1355,SKBR3,BRD-K19540840,17
1356,HA1E,BRD-K80738081,19
1357,MCF7,BRD-K37991163,21
1358,PC3,BRD-K17743125,19
1359,A375,BRD-K62858456,16
1360,MCF10A,BRD-K92428232,25
1361,A375,BRD-K63828191,21
1362,MCF7,BRD-A22380646,23
1363,HA1E,BRD-K63828191,19
1364,MDAMB231,BRD-K85606544,31
1365,MCF7,BRD-K20285085,33
1366,BT20,BRD-K78431006,20
1367,MCF7,BRD-K13566078,16
1368,HS578T,BRD-K92723993,20
1369,HS578T,BRD-K53972329,17
1370,HS578T,BRD-K81528515,17
1371,HS578T,BRD-K93747373,20
1372,HS578T,BRD-K04801023,17
1373,MCF7,BRD-K99451608,21
1374,BT20,BRD-K41895714,20
1375,MCF7,BRD-K81528515,36
1376,MCF10A,BRD-K07667918,16
1377,SKBR3,BRD-K16478699,17
1378,HT29,BRD-K16730910,18
1379,HELA,BRD-A19633847,25
1380,HELA,BRD-A26503646,25
1381,HELA,BRD-K22749967,25
1382,HELA,BRD-A10903566,25
1383,HELA,BRD-K11073688,25
1384,HELA,BRD-K21908111,25
1385,HA1E,BRD-K99545815,18
1386,A375,BRD-K22134346,16
1387,HELA,BRD-A08545410,25
1388,HELA,BRD-K26712974,25
1389,HELA,BRD-K29653726,25
1390,HT29,BRD-K53665955,18
1391,MDAMB231,BRD-K87909389,25
1392,SKBR3,BRD-K97764662,17
1393,MCF7,BRD-K49075727,21
1394,MCF7,BRD-K68174511,20
1395,SKBR3,BRD-K49669041,17
1396,A375,BRD-K43797669,18
1397,HELA,BRD-K32405725,25
1398,YAPC,BRD-K70511574,18
1399,HA1E,BRD-K16730910,18
1400,HELA,BRD-K33732501,25
1401,HELA,BRD-K16542329,25
1402,A375,BRD-K53414658,18
1403,HA1E,BRD-K54256913,19
1404,HT29,BRD-K74065929,18
1405,MCF7,BRD-K44827188,18
1406,HT29,BRD-K80700417,18
1407,HELA,BRD-K16295392,25
1408,HELA,BRD-K11153516,30
1409,HELA,BRD-K16761703,25
1410,HELA,BRD-A19661776,25
1411,HELA,BRD-K27938825,25
1412,HELA,BRD-K08248804,25
1413,A375,BRD-K40175214,19
1414,MCF7,BRD-K44876623,21
1415,PC3,BRD-K41895714,21
1416,HA1E,BRD-K42191735,18
1417,MCF7,BRD-K96550715,22
1418,MCF7,BRD-A08545410,21
1419,A549,BRD-K99964838,26
1420,A549,BRD-K98493452,21
1421,A549,BRD-K99383816,21
1422,HELA,BRD-K49328571,18
1423,MINO,BRD-K49328571,19
1424,MINO,BRD-K50495309,19
1425,MINO,BRD-K62014504,19
1426,HA1E,BRD-K20285085,19
1427,MINO,BRD-K60866521,19
1428,HT29,BRD-K93123848,18
1429,HEK293,BRD-K70511574,18
1430,MCF10A,BRD-K13662825,18
1431,K562,BRD-A79768653,19
1432,MDAMB231,BRD-K74065929,25
1433,TMD8,BRD-K64052750,19
1434,HT29,BRD-K33226500,16
1435,HT29,BRD-K21718444,18
1436,HEK293,BRD-K74065929,18
1437,TMD8,BRD-K21680192,30
1438,MINO,BRD-A28746609,19
1439,BJAB,BRD-K25835157,19
1440,A549,BRD-K68870568,21
1441,YAPC,BRD-K05804044,21
1442,OCILY10,BRD-A79768653,19
1443,A549,BRD-K83837640,21
1444,MCF7,BRD-K19687926,33
1445,A549,BRD-K17513304,21
1446,A549,BRD-K17555800,21
1447,MCF7,BRD-K84683831,21
1448,A549,BRD-K19687926,31
1449,MCF7,BRD-K47503321,19
1450,PC3,BRD-K55478147,19
1451,HA1E,BRD-K64052750,19
1452,HT29,BRD-K09951645,20
1453,MINO,BRD-K13514097,19
1454,THP1,BRD-K10916705,18
1455,A375,BRD-K33882852,17
1456,HS578T,BRD-K64890080,20
1457,SKBR3,BRD-K72414522,20
1458,A549,BRD-K64925568,21
1459,A549,BRD-A12230535,26
1460,MCF7,BRD-K86930074,21
1461,A549,BRD-K99545815,19
1462,BJAB,BRD-K53972329,25
1463,OCILY3,BRD-A79768653,19
1464,PC3,BRD-K05804044,22
1465,MDAMB231,BRD-A24396574,20
1466,MCF7,BRD-K19477839,22
1467,A549,BRD-K16803204,21
1468,MCF7,BRD-K69932463,22
1469,A549,BRD-K69726595,21
1470,A549,BRD-K13646352,21
1471,SKBR3,BRD-K48488978,20
1472,MCF10A,BRD-A41692738,16
1473,MCF7,BRD-K48488978,17
1474,MCF10A,BRD-K90382497,20
1475,MCF7,BRD-K40175214,26
1476,MDAMB231,BRD-K97764662,20
1477,MCF10A,BRD-K69932463,20
1478,MDAMB231,BRD-K52751261,20
1479,MCF7,BRD-K72420232,19
1480,BT20,BRD-K46056750,20
1481,MDAMB231,BRD-K56343971,31
1482,SKBR3,BRD-K59369769,17
1483,HT29,BRD-K51313569,21
1484,HT29,BRD-K64800655,21
1485,PC3,BRD-K02123250,19
1486,MCF7,BRD-K09602097,20
1487,SKBR3,BRD-K05104363,17
1488,SKBR3,BRD-K46056750,17
1489,SKBR3,BRD-K57080016,17
1490,SKBR3,BRD-K56751279,20
1491,HS578T,BRD-K20285085,20
1492,MCF10A,BRD-K49075727,27
1493,MCF10A,BRD-A87137733,16
1494,MCF7,BRD-K56957086,21
1495,HS578T,BRD-K06569345,20
1496,HS578T,BRD-K50168500,17
1497,MDAMB231,BRD-K37687095,31
1498,HA1E,BRD-K37687095,18
1499,PC3,BRD-K20285085,21
1500,HELA,BRD-K21295289,25
1501,HELA,BRD-K35719256,25
1502,HELA,BRD-K08586861,25
1503,HELA,BRD-A25619068,25
1504,HELA,BRD-A10977446,25
1505,HT29,BRD-K50168500,19
1506,HT29,BRD-K49075727,18
1507,HA1E,BRD-K45746021,18
1508,A375,BRD-K09951645,27
1509,A375,BRD-K76617868,16
1510,HELA,BRD-A34513497,25
1511,HELA,BRD-A36331462,25
1512,MCF7,BRD-K00259736,20
1513,HS578T,BRD-K57080016,20
1514,SKBR3,BRD-K04887706,17
1515,SKBR3,BRD-K53972329,20
1516,MDAMB231,BRD-K63068307,20
1517,SKBR3,BRD-A24396574,20
1518,MCF10A,BRD-K50168500,27
1519,HELA,BRD-K25943794,25
1520,YAPC,BRD-K52751261,17
1521,MCF7,BRD-K82928847,18
1522,MCF7,BRD-K53414658,32
1523,PC3,BRD-K45330754,19
1524,HELA,BRD-A22032524,25
1525,A375,BRD-K08109215,20
1526,HELA,BRD-K31731454,25
1527,HELA,BRD-K30480208,25
1528,MCF7,BRD-K60866521,26
1529,YAPC,BRD-K59317601,18
1530,PC3,BRD-K21718444,18
1531,PC3,BRD-K99749624,19
1532,PC3,BRD-K19477839,18
1533,HELA,BRD-K15502390,25
1534,HELA,BRD-K10843433,25
1535,HELA,BRD-K22031190,25
1536,HELA,BRD-A10012892,25
1537,HELA,BRD-K08976401,25
1538,HELA,BRD-K16133773,25
1539,HELA,BRD-K17743125,30
1540,HELA,BRD-K23672206,25
1541,HELA,BRD-K92428232,18
1542,MCF7,BRD-K62734952,21
1543,A549,BRD-K03449891,26
1544,YAPC,BRD-K57169635,18
1545,MCF7,BRD-K79404599,31
1546,MCF7,BRD-K74065929,31
1547,PC3,BRD-K79254416,19
1548,HT29,BRD-K79404599,19
1549,MCF10A,BRD-K64800655,31
1550,HEK293,BRD-K49328571,18
1551,THP1,BRD-K77908580,18
1552,MDAMB231,BRD-K51544265,18
1553,A375,BRD-K13646352,16
1554,TMD8,BRD-K48443249,19
1555,TMD8,BRD-A30984645,19
1556,MCF7,BRD-A48237631,21
1557,YAPC,BRD-K82928847,18
1558,YAPC,BRD-K56343971,16
1559,YAPC,BRD-K11153516,18
1560,THP1,BRD-K64034691,19
1561,THP1,BRD-K54606188,30
1562,BJAB,BRD-A52530684,18
1563,HEK293,BRD-K45746021,18
1564,MCF10A,BRD-K36740062,20
1565,TMD8,BRD-K44844162,19
1566,MINO,BRD-K98795921,19
1567,MCF7,BRD-K41410256,21
1568,A549,BRD-K41599323,21
1569,MCF7,BRD-K76197012,21
1570,A549,BRD-K56195681,22
1571,MCF7,BRD-K59875992,21
1572,HA1E,BRD-K52911425,19
1573,A375,BRD-K77625799,20
1574,MINO,BRD-K11357827,19
1575,TMD8,BRD-K18787491,19
1576,TMD8,BRD-K13514097,25
1577,A375,BRD-K32821942,16
1578,HS578T,BRD-K50140147,20
1579,MCF10A,BRD-K87737963,27
1580,SKBR3,BRD-K94176593,20
1581,HS578T,BRD-A87137733,17
1582,A549,BRD-K96550715,21
1583,A549,BRD-K52233191,21
1584,MCF7,BRD-K11267252,26
1585,MCF7,BRD-K40870905,21
1586,MCF7,BRD-K88025533,21
1587,A549,BRD-K19796430,22
1588,MCF7,BRD-K47554101,21
1589,MCF7,BRD-K63504947,21
1590,A549,BRD-K44876623,21
1591,BJAB,BRD-K36280065,19
1592,BJAB,BRD-K21680192,28
1593,MINO,BRD-K25835157,19
1594,HS578T,BRD-K99252563,20
1595,MDAMB231,BRD-K02708799,20
1596,MDAMB231,BRD-A21584801,20
1597,SKBR3,BRD-A41692738,20
1598,HS578T,BRD-K72636697,20
1599,A549,BRD-K82746043,21
1600,A549,BRD-K37991163,21
1601,A549,BRD-K63504947,21
1602,MDAMB231,BRD-K12502280,20
1603,HS578T,BRD-K85402309,17
1604,HS578T,BRD-K79404599,20
1605,HS578T,BRD-A58767537,17
1606,XC.L100.M,BRD-A25004090,19
1607,A375,BRD-K53737926,20
1608,A375,BRD-K38436528,20
1609,XC.L100.L,BRD-K59146805,19
1610,BT20,BRD-K13566078,20
1611,MCF7,BRD-K13390322,33
1612,MCF10A,BRD-K50140147,20
1613,MDAMB231,BRD-K57282030,20
1614,BT20,BRD-K90382497,20
1615,MCF10A,BRD-K78431006,31
1616,SKBR3,BRD-K99545815,17
1617,MCF7,BRD-A57382968,20
1618,A375,BRD-K51677086,16
1619,HT29,BRD-K32107296,16
1620,MCF7,BRD-K37720887,16
1621,SKBR3,BRD-K00337317,17
1622,MCF10A,BRD-A60245366,20
1623,SKBR3,BRD-K64890080,17
1624,MCF7,BRD-K45330754,19
1625,PC3,BRD-K68488863,18
1626,HT29,BRD-A90490067,18
1627,MDAMB231,BRD-K68174511,20
1628,MCF7,BRD-K28936863,20
1629,PC3,BRD-K99545815,19
1630,MDAMB231,BRD-K50168500,31
1631,MDAMB231,BRD-K72636697,20
1632,MCF10A,BRD-K07691486,31
1633,SKBR3,BRD-K99252563,17
1634,SKBR3,BRD-K56343971,17
1635,A375,BRD-K37687095,19
1636,MCF7,BRD-K42191735,28
1637,HT29,BRD-K57080016,20
1638,A375,BRD-K21718444,18
1639,HELA,BRD-K33211335,25
1640,HELA,BRD-K21361524,25
1641,HELA,BRD-K31111078,25
1642,A375,BRD-K11153516,18
1643,HELA,BRD-A34006693,25
1644,HELA,BRD-A29260609,25
1645,PC3,BRD-K99964838,19
1646,HELA,BRD-K80738081,30
1647,HELA,BRD-K20141153,25
1648,HA1E,BRD-K44827188,18
1649,PC3,BRD-K37687095,18
1650,HA1E,BRD-K99749624,19
1651,HA1E,BRD-K71035033,19
1652,HT29,BRD-K02113016,20
1653,HELA,BRD-A10039652,25
1654,HELA,BRD-K08799216,25
1655,HELA,BRD-A26095496,25
1656,HELA,BRD-K25630527,25
1657,HA1E,BRD-K50498985,18
1658,A549,BRD-K79254416,26
1659,HT29,BRD-K41895714,20
1660,MCF7,BRD-K73395020,20
1661,MCF7,BRD-K72414522,30
1662,A549,BRD-K57169635,18
1663,A549,BRD-K08832567,21
1664,A549,BRD-K62391742,21
1665,A549,BRD-A92537424,21
1666,A549,BRD-K89162000,24
1667,JURKAT,BRD-K54256913,18
1668,YAPC,BRD-K74065929,18
1669,HEK293,BRD-K93123848,18
1670,HEK293,BRD-K86797399,18
1671,YAPC,BRD-K66538826,18
1672,HEK293,BRD-K37764012,17
1673,THP1,BRD-A61304759,19
1674,YAPC,BRD-K77625799,20
1675,MCF7,BRD-K27182532,21
1676,A549,BRD-K20285085,26
1677,MINO,BRD-K70301465,19
1678,THP1,BRD-K81528515,24
1679,A549,BRD-K12787259,18
1680,THP1,BRD-K13646352,24
1681,MCF10A,BRD-K74514084,21
1682,HEK293,BRD-K73319509,18
1683,MCF10A,BRD-K49865102,27
1684,MDAMB231,BRD-K28392481,18
1685,YAPC,BRD-K28392481,18
1686,TMD8,BRD-K70401845,19
1687,A549,BRD-K62200014,20
1688,THP1,BRD-K92428153,30
1689,MCF7,BRD-K19352500,21
1690,A549,BRD-A03249105,21
1691,A549,BRD-A06935312,21
1692,MCF7,BRD-K79131256,27
1693,MDAMB231,BRD-K70511574,20
1694,SKBR3,BRD-K04853698,20
1695,MCF7,BRD-K19416115,21
1696,MCF7,BRD-K19796430,22
1697,TMD8,BRD-K08109215,19
1698,HS578T,BRD-K12502280,17
1699,MCF7,BRD-K85402309,17
1700,MCF7,BRD-K57252450,21
1701,MCF7,BRD-K34022604,21
1702,MCF7,BRD-K73999723,21
1703,MCF7,BRD-K08832567,21
1704,HS578T,BRD-K69932463,20
1705,HS578T,BRD-K40175214,20
1706,MDAMB231,BRD-K93788137,20
1707,HS578T,BRD-K64052750,17
1708,XC.L100.M,BRD-K15616905,19
1709,XC.L100.M,BRD-K51313569,19
1710,MCF10A,BRD-K93747373,20
1711,BT20,BRD-K50140147,20
1712,BT20,BRD-K59369769,20
1713,BT20,BRD-K72636697,20
1714,MDAMB231,BRD-K69932463,19
1715,A375,BRD-K41895714,21
1716,BT20,BRD-K87909389,19
1717,PC3,BRD-K66615216,16
1718,MCF7,BRD-K48722258,20
1719,A549,BRD-K68065987,26
1720,HT29,BRD-K24576554,18
1721,A375,BRD-K19687926,25
1722,HME1,BRD-K43389698,21
1723,HS578T,BRD-K49075727,17
1724,HS578T,BRD-K02708799,17
1725,SKBR3,BRD-K08799216,20
1726,HT29,BRD-K52751261,19
1727,HELA,BRD-A29623586,25
1728,MCF7,BRD-K02404261,21
1729,HELA,BRD-K17026858,25
1730,HELA,BRD-K29359156,25
1731,HT29,BRD-K99964838,19
1732,PC3,BRD-K93123848,18
1733,PC3,BRD-K09951645,20
1734,PC3,BRD-K87737963,19
1735,HA1E,BRD-K77625799,18
1736,HT29,BRD-K87737963,18
1737,HELA,BRD-K26657438,25
1738,HELA,BRD-K10845183,25
1739,HA1E,BRD-K43797669,21
1740,MCF10A,BRD-K01436366,20
1741,MDAMB231,BRD-K93747373,20
1742,MCF10A,BRD-K95435023,16
1743,SKBR3,BRD-K20285085,17
1744,PC3,BRD-K08109215,19
1745,HELA,BRD-K11196887,25
1746,HELA,BRD-K26701552,25
1747,HELA,BRD-K29656036,25
1748,A375,BRD-K52233191,17
1749,HELA,BRD-K11129031,25
1750,HELA,BRD-K08109215,30
1751,HELA,BRD-A33447119,25
1752,HELA,BRD-K86797399,18
1753,HELA,BRD-K73319509,18
1754,HA1E,BRD-K09951645,18
1755,HT29,BRD-K05804044,22
1756,HELA,BRD-K24943235,25
1757,HELA,BRD-K25140590,25
1758,HELA,BRD-K17944737,25
1759,HELA,BRD-K30466858,25
1760,A549,BRD-K83963101,19
1761,PC3,BRD-K99451608,16
1762,PC3,BRD-K90195324,16
1763,A549,BRD-A36331462,21
1764,THP1,BRD-K25412176,24
1765,THP1,BRD-K49865102,18
1766,TMD8,BRD-K92723993,19
1767,THP1,BRD-K53561341,16
1768,PC3,BRD-K23984367,21
1769,PC3,BRD-K44827188,18
1770,BJAB,BRD-K10916705,19
1771,MINO,BRD-A82772293,19
1772,MCF10A,BRD-K52751261,25
1773,THP1,BRD-K98548675,19
1774,MCF7,BRD-K55026842,21
1775,BJAB,BRD-K99964838,19
1776,A549,BRD-K19352500,21
1777,HS578T,BRD-K99545815,20
1778,A549,BRD-K29950728,21
1779,MCF7,BRD-K49456274,21
1780,A549,BRD-A74980173,21
1781,MCF7,BRD-K67102207,21
1782,MINO,BRD-K10916705,19
1783,TMD8,BRD-K62014504,19
1784,THP1,BRD-A77216878,24
1785,TMD8,BRD-A09722536,19
1786,TMD8,BRD-K88510285,24
1787,MINO,BRD-A30984645,19
1788,MDAMB231,BRD-K16189898,20
1789,A549,BRD-K84683831,21
1790,A549,BRD-K88025533,21
1791,MCF7,BRD-K61397605,21
1792,MCF7,BRD-K98493452,21
1793,A549,BRD-K12867552,21
1794,A375,BRD-K16478699,19
1795,XC.L100.L,BRD-K78431006,19
1796,MDAMB231,BRD-K01436366,20
1797,SKBR3,BRD-K50140147,17
1798,HT29,BRD-K70511574,24
1799,HT29,BRD-K54256913,18
1800,MCF7,BRD-K33226500,21
1801,MDAMB231,BRD-K59369769,31
1802,A375,BRD-K04887706,19
1803,HA1E,BRD-K41895714,19
1804,HT29,BRD-K93918653,21
1805,HT29,BRD-K81528515,19
1806,SKBR3,BRD-K68174511,17
1807,MCF10A,BRD-K85402309,16
1808,HT29,BRD-K32821942,16
1809,SKBR3,BRD-K12343256,20
1810,HA1E,BRD-K59369769,19
1811,HELA,BRD-A31521121,25
1812,HELA,BRD-A28467416,25
1813,HELA,BRD-A10070317,25
1814,HELA,BRD-K07881437,25
1815,A375,BRD-K42191735,18
1816,HELA,BRD-K99964838,30
1817,A375,BRD-K57169635,18
1818,A549,BRD-K81528515,27
1819,MCF7,BRD-K24576554,26
1820,SKBR3,BRD-K13566078,17
1821,HS578T,BRD-K48488978,17
1822,MCF10A,BRD-K92571446,19
1823,YAPC,BRD-K54256913,18
1824,YAPC,BRD-K60866521,18
1825,HELA,BRD-A30051119,25
1826,A375,BRD-K74305673,16
1827,HELA,BRD-K22134346,25
1828,HELA,BRD-K16757695,25
1829,MCF10A,BRD-K86797399,18
1830,HA1E,BRD-K05804044,19
1831,HUVEC.A,BRD-K86797399,18
1832,MCF10A,BRD-K82928847,18
1833,HT29,BRD-K08799216,18
1834,OCILY19,BRD-A79768653,19
1835,MCF10A,BRD-A58280226,21
1836,PC3,BRD-K86525559,16
1837,A549,BRD-K49456274,21
1838,TMD8,BRD-K11357827,19
1839,THP1,BRD-K62014504,19
1840,THP1,BRD-A09722536,19
1841,OCILY19,BRD-K21680192,16
1842,HEK293,BRD-K51544265,18
1843,PC3,BRD-K89162000,17
1844,A549,BRD-K60866521,26
1845,A549,BRD-K95412502,21
1846,HA1E,BRD-K23984367,19
1847,HA1E,BRD-K40175214,19
1848,MINO,BRD-A52530684,18
1849,MINO,BRD-K54606188,19
1850,BJAB,BRD-K60866521,25
1851,K562,BRD-K81418486,19
1852,BJAB,BRD-K98548675,19
1853,BJAB,BRD-K92428153,19
1854,MDAMB231,BRD-K99749624,26
1855,MCF10A,BRD-K71035033,21
1856,HBL1,BRD-K81418486,19
1857,THP1,BRD-A52530684,17
1858,A549,BRD-K31447894,21
1859,MCF7,BRD-K95412502,21
1860,THP1,BRD-A50998626,30
1861,MCF7,BRD-K83837640,21
1862,MCF10A,BRD-K64052750,27
1863,A549,BRD-K62858456,21
1864,A549,BRD-K99792991,21
1865,MCF7,BRD-K36280065,21
1866,A549,BRD-K65781196,21
1867,A549,BRD-K87782578,21
1868,MCF7,BRD-K66404838,21
1869,HS578T,BRD-K00337317,20
1870,HS578T,BRD-K76908866,20
1871,XC.L100.L,BRD-A12230535,19
1872,A375,BRD-K24616672,20
1873,XC.L100.L,BRD-K51313569,19
1874,A549,BRD-K33379087,18
1875,XC.L100.L,BRD-K51544265,19
1876,MDAMB231,BRD-K92723993,31
1877,MDAMB231,BRD-K58772419,20
1878,MDAMB231,BRD-K90382497,20
1879,SKBR3,BRD-K58772419,17
1880,SKBR3,BRD-K64800655,17
1881,MDAMB231,BRD-K85402309,20
1882,BT20,BRD-K63923597,20
1883,HS578T,BRD-A21584801,17
1884,BT20,BRD-K58772419,20
1885,BT20,BRD-K13390322,20
1886,PC3,BRD-K70511574,24
1887,HS578T,BRD-K95435023,17
1888,BT20,BRD-K16478699,20
1889,MCF10A,BRD-K15592317,20
1890,HA1E,BRD-K64800655,19
1891,HA1E,BRD-K82928847,18
1892,HELA,BRD-K28143534,25
1893,MCF7,BRD-K40738845,22
1894,HELA,BRD-K28183345,25
1895,HELA,BRD-K35629949,25
1896,PC3,BRD-K54256913,19
1897,MCF10A,BRD-K04801023,16
1898,MCF10A,BRD-K81528515,27
1899,SKBR3,BRD-K01436366,17
1900,SKBR3,BRD-K87909389,17
1901,HELA,BRD-A17883755,25
1902,HELA,BRD-A20126139,25
1903,MCF7,BRD-K02123250,22
1904,HELA,BRD-K18678457,25
1905,HELA,BRD-K25114078,25
1906,HELA,BRD-A31159102,25
1907,HELA,BRD-A11319535,25
1908,HELA,BRD-K33226500,25
1909,PC3,BRD-K52751261,19
1910,HT29,BRD-K45330754,19
1911,HT29,BRD-K76908866,18
1912,HA1E,BRD-K11267252,18
1913,HELA,BRD-A26334849,25
1914,HELA,BRD-K29673530,25
1915,HELA,BRD-K11399644,25
1916,JURKAT,BRD-K49865102,18
1917,MCF7,BRD-K28822270,22
1918,MCF7,BRD-K59317601,18
1919,HA1E,BRD-K74065929,18
1920,JURKAT,BRD-K93918653,18
1921,THP1,BRD-A82772293,24
1922,THP1,BRD-K79254416,18
1923,HEK293,BRD-K52751261,18
1924,YAPC,BRD-K77908580,21
1925,HA1E,BRD-K40738845,18
1926,A549,BRD-K84163249,21
1927,A375,BRD-K99545815,18
1928,A375,BRD-K66538826,18
1929,BJAB,BRD-K98039984,19
1930,MCF10A,BRD-K93123848,18
1931,MINO,BRD-K71223042,19
1932,THP1,BRD-K13514097,25
1933,MCF10A,BRD-K02708799,16
1934,A549,BRD-K11717138,21
1935,MCF7,BRD-K50498985,26
1936,MCF7,BRD-K71221037,21
1937,MINO,BRD-K30577245,19
1938,BJAB,BRD-K54606188,25
1939,THP1,BRD-K30577245,19
1940,THP1,BRD-K53972329,26
1941,HS578T,BRD-K07691486,20
1942,HS578T,BRD-K87909389,19
1943,MCF10A,BRD-K74065929,21
1944,A549,BRD-K24968862,21
1945,MCF7,BRD-K28360340,17
1946,TMD8,BRD-K70301465,25
1947,THP1,BRD-K62391742,30
1948,BJAB,BRD-A30984645,19
1949,MCF10A,BRD-K42191735,16
1950,MDAMB231,BRD-K42918627,20
1951,A549,BRD-A50998626,21
1952,A549,BRD-K86930074,21
1953,MCF7,BRD-K43966364,21
1954,MDAMB231,BRD-K02123250,20
1955,A549,BRD-K11267252,26
1956,BT20,BRD-K57282030,20
1957,HT29,BRD-K66615216,16
1958,MDAMB231,BRD-K78431006,30
1959,HT29,BRD-A84481105,16
1960,MDAMB231,BRD-K83963101,20
1961,MDAMB231,BRD-K15592317,20
1962,PC3,BRD-K40175214,19
1963,HT29,BRD-K93754473,19
1964,PC3,BRD-K85606544,24
1965,BT20,BRD-K93747373,20
1966,MCF7,BRD-K49669041,20
1967,MCF7,BRD-K63550407,20
1968,MCF7,BRD-A41692738,22
1969,BT20,BRD-K69932463,20
1970,HS578T,BRD-K43389698,17
1971,MCF10A,BRD-K43389698,16
1972,MCF7,BRD-K08799216,28
1973,HA1E,BRD-K80700417,18
1974,HELA,BRD-K17930269,25
1975,HELA,BRD-K53097745,25
1976,HELA,BRD-K17953908,25
1977,HELA,BRD-K36467523,25
1978,HELA,BRD-K17555800,25
1979,HELA,BRD-K26603252,25
1980,SKBR3,BRD-A79768653,17
1981,SKBR3,BRD-K02708799,20
1982,HELA,BRD-K09426783,25
1983,HELA,BRD-K31135544,25
1984,HT29,BRD-K56751279,18
1985,HELA,BRD-K80700417,18
1986,HELA,BRD-K09397065,25
1987,HA1E,BRD-K70511574,19
1988,PC3,BRD-K82928847,18
1989,PC3,BRD-K71035033,21
1990,HELA,BRD-K31627533,25
1991,HELA,BRD-A16347691,25
1992,PC3,BRD-K28392481,18
1993,MCF7,BRD-K93123848,18
1994,HT29,BRD-K42805893,18
1995,YAPC,BRD-K09132007,18
1996,THP1,BRD-K43002773,17
1997,TMD8,BRD-K10916705,19
1998,YAPC,BRD-K79254416,19
1999,MDAMB231,BRD-K40738845,25
2000,HEK293,BRD-K83963101,18
2001,HELA,BRD-K28392481,18
2002,THP1,BRD-K72703948,17
2003,BJAB,BRD-K18787491,19
2004,A549,BRD-K28822270,22
2005,HA1E,BRD-K79404599,19
2006,A375,BRD-K92723993,21
2007,PC3,BRD-A12230535,20
2008,A549,BRD-K73237276,21
2009,MINO,BRD-K71035033,19
2010,THP1,BRD-K21680192,29
2011,MINO,BRD-K81418486,25
2012,TMD8,BRD-K19540840,19
2013,TMD8,BRD-K30577245,19
2014,SKBR3,BRD-K81528515,20
2015,MDAMB231,BRD-K04833372,20
2016,SKBR3,BRD-K12502280,20
2017,HS578T,BRD-K03063480,17
2018,A549,BRD-K59325863,21
2019,MCF7,BRD-K66615216,21
2020,MDAMB231,BRD-K66538826,25
2021,MDAMB231,BRD-K42191735,20
2022,A375,BRD-K36862742,20
2023,MDAMB231,BRD-A60245366,20
2024,BT20,BRD-K01436366,20
2025,HA1E,BRD-K85606544,19
2026,HT29,BRD-A74980173,16
2027,SKBR3,BRD-K15592317,17
2028,BT20,BRD-K68174511,20
2029,A375,BRD-K52911425,18
2030,HT29,BRD-K77625799,20
2031,HELA,BRD-K22848513,24
2032,A375,BRD-K56343971,21
2033,HELA,BRD-K28217197,25
2034,HA1E,BRD-K64890080,19
2035,HA1E,BRD-K57080016,18
2036,HT29,BRD-A12230535,20
2037,HELA,BRD-K17203476,25
2038,MDAMB231,BRD-K13390322,31
2039,HELA,BRD-K28761891,25
2040,HELA,BRD-K16508793,25
2041,HELA,BRD-K33852358,25
2042,PC3,BRD-K13390322,19
2043,A375,BRD-K16730910,18
2044,HELA,BRD-A24228527,25
2045,HELA,BRD-K28731095,25
2046,A375,BRD-K51544265,20
2047,YAPC,BRD-K74514084,18
2048,HELA,BRD-K49865102,18
2049,MCF10A,BRD-K83963101,25
2050,MCF10A,BRD-K77908580,18
2051,HA1E,BRD-K42805893,18
2052,MDAMB231,BRD-K73319509,25
2053,MDAMB231,BRD-K54256913,25
2054,TMD8,BRD-K40624912,19
2055,THP1,BRD-K94199083,19
2056,HELA,BRD-K54256913,18
2057,THP1,BRD-K74065929,18
2058,BJAB,BRD-A30655177,19
2059,A549,BRD-A87130939,21
2060,TMD8,BRD-K98548675,19
2061,MINO,BRD-K98039984,19
2062,BJAB,BRD-K08109215,19
2063,BJAB,BRD-K61567297,19
2064,BJAB,BRD-K19540840,19
2065,TMD8,BRD-K94199083,19
2066,TMD8,BRD-K45995181,17
2067,HS578T,BRD-K49328571,20
2068,MCF7,BRD-K85751432,21
2069,SKBR3,BRD-K87737963,20
2070,XC.L100.L,BRD-K37890730,19
2071,XC.L100.M,BRD-A63610676,19
2072,A549,BRD-K54256913,19
2073,MDAMB231,BRD-K50140147,20
2074,BT20,BRD-K19687926,20
2075,BT20,BRD-A79768653,20
2076,BT20,BRD-K04887706,20
2077,HT29,BRD-K53414658,18
2078,HT29,BRD-K83963101,19
2079,SKBR3,BRD-K78431006,17
2080,HT29,BRD-K02123250,19
2081,BT20,BRD-K05104363,20
2082,MDAMB231,BRD-K56751279,30
2083,MCF10A,BRD-K20285085,20
2084,HELA,BRD-A26032986,25
2085,PC3,BRD-K16730910,18
2086,HELA,BRD-K23363278,25
2087,HELA,BRD-A15909516,25
2088,SKBR3,BRD-K72636697,17
2089,HS578T,BRD-K04887706,20
2090,HT29,BRD-K80738081,19
2091,A375,BRD-K44827188,18
2092,HELA,BRD-K52751261,18
2093,HT29,BRD-K60866521,18
2094,HT29,BRD-K04887706,19
2095,HA1E,BRD-K81528515,19
2096,HT29,BRD-K19477839,18
2097,HELA,BRD-K08924299,25
2098,HELA,BRD-K23248433,25
2099,MCF10A,BRD-K73319509,21
2100,K562,BRD-K21680192,19
2101,YAPC,BRD-K33379087,18
2102,A375,BRD-K86525559,16
2103,HEK293,BRD-A58280226,18
2104,HEK293,BRD-K54256913,18
2105,A549,BRD-K08799216,18
2106,A549,BRD-K56751279,17
2107,THP1,BRD-K35458079,19
2108,OCILY3,BRD-K81418486,19
2109,MDAMB231,BRD-K41895714,31
2110,MDAMB231,BRD-K02113016,25
2111,YAPC,BRD-K73319509,18
2112,HELA,BRD-K77908580,18
2113,MINO,BRD-K53972329,19
2114,MCF7,BRD-K55478147,19
2115,A549,BRD-K41410256,21
2116,MCF7,BRD-A62025033,21
2117,MCF7,BRD-K42918627,17
2118,MCF7,BRD-K38852836,21
2119,HS578T,BRD-K13566078,20
2120,XC.L100.M,BRD-K70401845,19
2121,BT20,BRD-K99545815,20
2122,BT20,BRD-K79404599,20
2123,MDAMB231,BRD-K07691486,31
2124,PC3,BRD-K33226500,16
2125,A375,BRD-K92428232,19
2126,HA1E,BRD-K04887706,19
2127,MDAMB231,BRD-K67868012,20
2128,MDAMB231,BRD-K04887706,31
2129,HS578T,BRD-K68174511,20
2130,A375,BRD-K12184916,23
2131,A375,BRD-K28392481,18
2132,PC3,BRD-K12787259,17
2133,HELA,BRD-A29734509,25
2134,HELA,BRD-K09372874,25
2135,HELA,BRD-K19540840,25
2136,HELA,BRD-K23976833,25
2137,HELA,BRD-K08206212,25
2138,HS578T,BRD-K16478699,19
2139,MCF10A,BRD-K19540840,20
2140,HELA,BRD-K19352500,25
2141,HELA,BRD-K18779551,25
2142,HELA,BRD-K36386086,25
2143,HELA,BRD-K08703257,25
2144,HELA,BRD-K32247306,25
2145,HELA,BRD-A33711280,25
2146,HELA,BRD-A28787076,25
2147,A375,BRD-K86797399,18
2148,HELA,BRD-K45746021,18
2149,A549,BRD-A26503646,21
2150,YAPC,BRD-K99964838,18
2151,TMD8,BRD-K54606188,25
2152,THP1,BRD-K19295594,19
2153,MDAMB231,BRD-K92428232,25
2154,MINO,BRD-K92723993,19
2155,THP1,BRD-K81458380,18
2156,THP1,BRD-K98795921,19
2157,MCF7,BRD-K99023089,21
2158,MCF7,BRD-K87782578,21
2159,MCF7,BRD-K43586850,21
2160,A549,BRD-K82941592,21
2161,A375,BRD-K66615216,16
2162,MINO,BRD-A09722536,19
2163,BJAB,BRD-K81528515,19
2164,MINO,BRD-K21680192,23
2165,HS578T,BRD-K63068307,20
2166,HS578T,BRD-K64800655,20
2167,MDAMB231,BRD-K70401845,31
2168,XC.L100.M,BRD-K51544265,19
2169,BT20,BRD-K68065987,20
2170,MCF10A,BRD-K00337317,20
2171,MCF10A,BRD-K16189898,16
2172,MDAMB231,BRD-K19220233,20
2173,PC3,BRD-K08799216,18
2174,MCF7,BRD-K12787259,18
2175,PC3,BRD-K24576554,18
2176,MDAMB231,BRD-K57080016,31
2177,MCF10A,BRD-K97764662,20
2178,HELA,BRD-K29582115,25
2179,A375,BRD-A58955223,22
2180,HELA,BRD-A22769835,25
2181,HELA,BRD-K56301217,18
2182,HT29,BRD-K20001883,16
2183,HT29,BRD-K70301465,18
2184,HELA,BRD-A26690767,25
2185,HELA,BRD-K20920669,25
2186,HT29,BRD-K36740062,19
2187,MDAMB231,BRD-K03449891,31
2188,HELA,BRD-K12787259,18
2189,HT29,BRD-K13662825,18
2190,PC3,BRD-K60866521,18
2191,HT29,BRD-K37764012,18
2192,MDAMB231,BRD-K72414522,31
2193,MDAMB231,BRD-K81528515,31
2194,HBL1,BRD-A79768653,19
2195,HEK293,BRD-K40738845,18
2196,THP1,BRD-K11357827,19
2197,MCF7,BRD-K21718444,18
2198,MDAMB231,BRD-K05804044,25
2199,TMD8,BRD-K49328571,19
2200,MCF10A,BRD-K66538826,21
2201,MINO,BRD-K98548675,19
2202,MCF7,BRD-K42417338,21
2203,A375,BRD-K02123250,19
2204,MDAMB231,BRD-K04853698,20
2205,MDAMB231,BRD-K53972329,20
2206,SKBR3,BRD-K49075727,20
2207,A549,BRD-K02123250,19
2208,XC.L100.L,BRD-K19687926,19
2209,PC3,BRD-K78431006,22
2210,HS578T,BRD-K51313569,20
2211,SKBR3,BRD-K16189898,20
2212,MCF10A,BRD-K21680192,16
2213,MDAMB231,BRD-K46056750,20
2214,HELA,BRD-K28667793,25
2215,HELA,BRD-K34713073,25
2216,HA1E,BRD-K08109215,18
2217,SKBR3,BRD-A21584801,20
2218,HELA,BRD-K17075857,25
2219,HELA,BRD-K18673820,25
2220,HA1E,BRD-K87737963,18
2221,HELA,BRD-K09090949,25
2222,YAPC,BRD-K11267252,20
2223,MDAMB231,BRD-K77625799,18
2224,THP1,BRD-K93918653,18
2225,BJAB,BRD-K71035033,19
2226,A375,BRD-K50498985,18
2227,JURKAT,BRD-K52751261,18
2228,THP1,BRD-K44844162,30
2229,A375,BRD-K33226500,16
2230,THP1,BRD-K03390685,18
2231,HEK293,BRD-K92428232,18
2232,THP1,BRD-K64052750,29
2233,BJAB,BRD-K50495309,19
2234,A375,BRD-K70301465,18
2235,A375,BRD-A74980173,16
2236,BJAB,BRD-K45995181,19
2237,BJAB,BRD-A13689093,19
2238,SKBR3,BRD-K64052750,20
2239,MCF10A,BRD-K08799216,16
2240,MCF7,BRD-K99792991,21
2241,MINO,BRD-K19540840,19
2242,SKBR3,BRD-K93788137,20
2243,HS578T,BRD-K68065987,20
2244,XC.L100.M,BRD-K66175015,19
2245,A549,BRD-K40738845,18
2246,XC.L100.L,BRD-K16478699,19
2247,MCF10A,BRD-K99252563,19
2248,PC3,BRD-K04887706,19
2249,MCF10A,BRD-K46056750,20
2250,SKBR3,BRD-A58767537,20
2251,HELA,BRD-K08252256,25
2252,HELA,BRD-K28971625,25
2253,HELA,BRD-K35775715,25
2254,HA1E,BRD-K92428232,19
2255,HME1,BRD-K81418486,16
2256,MCF10A,BRD-K72414522,27
2257,HELA,BRD-K31385749,25
2258,HELA,BRD-K20285085,25
2259,A375,BRD-K52313696,20
2260,MCF7,BRD-K56751279,22
2261,A375,BRD-K53417444,18
2262,HA1E,BRD-K60866521,18
2263,PC3,BRD-K49075727,18
2264,HA1E,BRD-K86797399,18
2265,HT29,BRD-K49865102,21
2266,HELA,BRD-A26384407,25
2267,HT29,BRD-K28392481,18
2268,HT29,BRD-K72414522,18
2269,HEK293,BRD-K02113016,18
2270,THP1,BRD-K40738845,18
2271,THP1,BRD-K12787259,18
2272,MINO,BRD-K35458079,19
2273,THP1,BRD-K77625799,18
2274,A375,BRD-K37764012,18
2275,MINO,BRD-K64034691,19
2276,HEK293,BRD-K56301217,18
2277,MDAMB231,BRD-K53417444,18
2278,JURKAT,BRD-K82928847,18
2279,JURKAT,BRD-K45746021,18
2280,BJAB,BRD-K77503770,19
2281,MCF7,BRD-K03390685,21
2282,TMD8,BRD-K64034691,19
2283,A549,BRD-K17953908,21
2284,TMD8,BRD-K50495309,19
2285,THP1,BRD-K19687926,19
2286,HS578T,BRD-K04853698,17
2287,HA1E,BRD-K90370028,17
2288,SKBR3,BRD-K92571446,16
2289,MCF7,BRD-A45498368,20
2290,MCF7,BRD-K05236810,20
2291,A375,BRD-K68488863,18
2292,HS578T,BRD-K90382497,20
2293,MCF10A,BRD-K93788137,16
2294,SKBR3,BRD-K19220233,20
2295,HELA,BRD-K16077845,25
2296,HELA,BRD-K15916496,25
2297,HT29,BRD-K59317601,18
2298,HELA,BRD-K60866521,18
2299,HELA,BRD-K32744045,25
2300,HELA,BRD-A17411484,25
2301,A375,BRD-K93918653,20
2302,MCF7,BRD-K80700417,18
2303,HT29,BRD-K86797399,18
2304,HELA,BRD-K36740062,18
2305,THP1,BRD-K28392481,18
2306,HELA,BRD-K93918653,18
2307,TMD8,BRD-K25835157,19
2308,MINO,BRD-K99964838,19
2309,YAPC,BRD-K07691486,16
2310,YAPC,BRD-K80738081,19
2311,YAPC,BRD-K08109215,19
2312,MCF7,BRD-K01567962,17
2313,MDAMB231,BRD-A41692738,20
2314,BT20,BRD-K06569345,19
2315,MCF7,BRD-A60245366,18
2316,HS578T,BRD-K94176593,17
2317,SKBR3,BRD-K43389698,18
2318,MCF7,BRD-K03063480,17
2319,BT20,BRD-K76908866,20
2320,HELA,BRD-A26423207,25
2321,HELA,BRD-K17498618,25
2322,HELA,BRD-K25361343,25
2323,HS578T,BRD-K12343256,16
2324,HELA,BRD-A33168282,25
2325,MCF7,BRD-K37764012,18
2326,A375,BRD-K79254416,19
2327,HELA,BRD-K29735307,25
2328,HELA,BRD-K15766189,25
2329,HELA,BRD-K18850819,25
2330,A375,BRD-K12787259,18
2331,HEK293,BRD-K77908580,18
2332,HT29,BRD-K52911425,19
2333,MDAMB231,BRD-K77908580,18
2334,THP1,BRD-K57080016,18
2335,MCF10A,BRD-K53417444,18
2336,HA1E,BRD-K28392481,18
2337,A375,BRD-K32107296,16
2338,HEK293,BRD-K53414658,18
2339,THP1,BRD-K71035033,35
2340,BJAB,BRD-K92723993,19
2341,BJAB,BRD-K49328571,19
2342,MCF7,BRD-A36331462,21
2343,HS578T,BRD-K49669041,20
2344,HT29,BRD-K76674262,16
2345,MDAMB231,BRD-K04801023,20
2346,SKBR3,BRD-K07691486,17
2347,HA1E,BRD-K59317601,18
2348,PC3,BRD-K20001883,16
2349,HA1E,BRD-K57169635,18
2350,PC3,BRD-K12184916,22
2351,HELA,BRD-A31811760,25
2352,MCF7,BRD-K07667918,17
2353,HELA,BRD-K11071038,25
2354,HA1E,BRD-K02123250,19
2355,HA1E,BRD-K72414522,18
2356,A375,BRD-K52751261,18
2357,HA1E,BRD-K49075727,18
2358,HELA,BRD-K16195444,25
2359,YAPC,BRD-K71035033,20
2360,A549,BRD-K49075727,18
2361,HT29,BRD-K20285085,20
2362,HT29,BRD-K11267252,20
2363,THP1,BRD-K78431006,24
2364,YAPC,BRD-K83963101,18
2365,THP1,BRD-K73319509,18
2366,HEK293,BRD-K82928847,18
2367,THP1,BRD-K07859598,18
2368,MDAMB231,BRD-K79254416,18
2369,THP1,BRD-K36280065,19
2370,HEK293,BRD-K60866521,18
2371,TMD8,BRD-K98039984,19
2372,THP1,BRD-K50495309,19
2373,MINO,BRD-K18787491,19
2374,MINO,BRD-K70401845,19
2375,BJAB,BRD-K19295594,19
2376,MCF10A,BRD-K04833372,16
2377,MDAMB231,BRD-K03063480,20
2378,MCF7,BRD-A78723049,21
2379,MDAMB231,BRD-K87737963,26
2380,A549,BRD-K28392481,18
2381,MCF10A,BRD-K63068307,20
2382,MCF7,BRD-K04801023,17
2383,MCF10A,BRD-K42918627,16
2384,HS578T,BRD-K63923597,20
2385,MCF7,BRD-K52911425,26
2386,A375,BRD-K40738845,18
2387,HELA,BRD-K21450440,25
2388,HELA,BRD-K22822991,25
2389,HELA,BRD-K24968862,25
2390,HELA,BRD-K27182532,25
2391,HELA,BRD-K19284129,25
2392,MDAMB231,BRD-K19540840,20
2393,HELA,BRD-K32285926,25
2394,YAPC,BRD-K80700417,18
2395,HELA,BRD-K32101625,25
2396,HELA,BRD-K27184429,25
2397,HELA,BRD-K15507868,25
2398,PC3,BRD-K66538826,18
2399,HT29,BRD-K51544265,20
2400,HT29,BRD-K33379087,18
2401,A375,BRD-K93123848,18
2402,HA1E,BRD-K52751261,19
2403,MCF10A,BRD-K37764012,18
2404,JURKAT,BRD-K28392481,18
2405,THP1,BRD-K45746021,18
2406,BJAB,BRD-K62391742,19
2407,SKBR3,BRD-K42918627,20
2408,THP1,BRD-K59369769,18
2409,MINO,BRD-K44844162,19
2410,XC.L100.M,BRD-K08316444,19
2411,MCF7,BRD-K92571446,20
2412,HELA,BRD-K18194590,25
2413,HA1E,BRD-K03449891,18
2414,HELA,BRD-K08037784,25
2415,HELA,BRD-K35245662,25
2416,A375,BRD-K74065929,21
2417,HELA,BRD-K27204852,25
2418,HELA,BRD-K10961822,25
2419,MCF10A,BRD-K79254416,18
2420,JURKAT,BRD-K70511574,18
2421,HT29,BRD-K12787259,18
2422,MDAMB231,BRD-K49075727,31
2423,MDAMB231,BRD-K82928847,18
2424,MINO,BRD-K64052750,19
2425,THP1,BRD-K67844266,23
2426,MCF10A,BRD-K70511574,21
2427,MCF7,BRD-K99383816,21
2428,MINO,BRD-K19687926,19
2429,HS578T,BRD-K16189898,17
2430,HEPG2,BRD-K70401845,18
2431,XC.L100.M,BRD-K59146805,19
2432,MDAMB231,BRD-K13566078,20
2433,MCF10A,BRD-K48488978,16
2434,HT29,BRD-K44827188,18
2435,HELA,BRD-K09471561,25
2436,PC3,BRD-K56751279,18
2437,HT29,BRD-K13390322,18
2438,A375,BRD-K42805893,18
2439,JURKAT,BRD-K74065929,18
2440,HT29,BRD-K89162000,16
2441,HELA,BRD-K79254416,18
2442,MDAMB231,BRD-K12787259,17
2443,HEK293,BRD-K53417444,18
2444,MDAMB231,BRD-K60866521,18
2445,THP1,BRD-K68065987,23
2446,HEK293,BRD-K28392481,18
2447,YAPC,BRD-K93123848,17
2448,A549,BRD-K09078998,21
2449,MCF10A,BRD-K70401845,27
2450,MCF10A,BRD-K72636697,20
2451,MDAMB231,BRD-K36740062,18
2452,SKBR3,BRD-K51313569,17
2453,HELA,BRD-A18620900,25
2454,HELA,BRD-K09602097,25
2455,HELA,BRD-K17500877,25
2456,HELA,BRD-A29731977,25
2457,HA1E,BRD-K93123848,18
2458,HELA,BRD-K36280065,25
2459,YAPC,BRD-K19477839,18
2460,THP1,BRD-K87782578,30
2461,YAPC,BRD-K92428232,18
2462,HELA,BRD-A58280226,18
2463,MCF7,BRD-K56195681,22
2464,THP1,BRD-K77503770,19
2465,MCF10A,BRD-K04853698,16
2466,MCF7,BRD-K09078998,21
2467,MCF7,BRD-A30984645,21
2468,MCF10A,BRD-K94176593,16
2469,HS578T,BRD-K99749624,17
2470,MCF10A,BRD-A24396574,16
2471,BT20,BRD-K92571446,20
2472,A375,BRD-K05804044,21
2473,HELA,BRD-K34776109,25
2474,HELA,BRD-K12184916,25
2475,HA1E,BRD-K12787259,18
2476,YAPC,BRD-K12787259,18
2477,MDAMB231,BRD-K86797399,18
2478,A375,BRD-K56751279,18
2479,MCF10A,BRD-K80700417,18
2480,MINO,BRD-K94199083,19
2481,A549,BRD-K80700417,18
2482,TMD8,BRD-K61567297,19
2483,A375,BRD-K64800655,24
2484,THP1,BRD-K13662825,20
2485,HEK293,BRD-K49865102,18
2486,BJAB,BRD-K48443249,19
2487,A549,BRD-A78723049,21
2488,MCF7,BRD-K59325863,22
2489,MCF7,BRD-K95901403,21
2490,HA1E,BRD-K70401845,19
2491,XC.L100.L,BRD-K08316444,19
2492,SKBR3,BRD-K40175214,17
2493,MCF7,BRD-K67578145,16
2494,MDAMB231,BRD-K64800655,31
2495,MCF7,BRD-K28392481,18
2496,HELA,BRD-K21396683,25
2497,HELA,BRD-K42805893,18
2498,HS578T,BRD-K87737963,17
2499,HELA,BRD-K18157228,25
2500,PC3,BRD-K59317601,18
2501,HELA,BRD-K96550715,25
2502,HELA,BRD-K29322660,25
2503,THP1,BRD-K82928847,18
2504,HEK293,BRD-K93918653,18
2505,HELA,BRD-K74065929,18
2506,MCF10A,BRD-K02123250,21
2507,MCF10A,BRD-K68174511,20
2508,SKBR3,BRD-K76908866,17
2509,HS578T,BRD-K19220233,17
2510,HELA,BRD-K11717138,25
2511,HELA,BRD-A20119038,25
2512,HEK293,BRD-K13662825,18
2513,YAPC,BRD-K56301217,20
2514,MCF10A,BRD-K28392481,18
2515,HELA,BRD-K83963101,18
2516,MDAMB231,BRD-K48488978,20
2517,BT20,BRD-K64890080,20
2518,SKBR3,BRD-K79404599,17
2519,MCF7,BRD-K43389698,17
2520,HA1E,BRD-K19477839,18
2521,HELA,BRD-A16665823,25
2522,HELA,BRD-K34870043,25
2523,HELA,BRD-K82928847,18
2524,HELA,BRD-K11433652,25
2525,HELA,BRD-K17849083,25
2526,HEK293,BRD-K71035033,18
2527,HUVEC.A,BRD-K83963101,18
2528,JURKAT,BRD-K93123848,18
2529,THP1,BRD-K93123848,18
2530,PC3,BRD-K70301465,18
2531,THP1,BRD-K65928735,24
2532,SKBR3,BRD-K90382497,17
2533,HELA,BRD-K33882852,25
2534,HEK293,BRD-K05804044,18
2535,A375,BRD-K19477839,18
2536,HT29,BRD-K45746021,18
2537,BJAB,BRD-K35458079,19
2538,MDAMB231,BRD-K74514084,25
2539,A549,BRD-K53417444,18
2540,HS578T,BRD-K52911425,20
2541,HS578T,BRD-K19540840,20
2542,HA1E,BRD-K73319509,18
2543,HT29,BRD-K05104363,19
2544,HS578T,BRD-A41692738,17
2545,HELA,BRD-A16997652,25
2546,HA1E,BRD-K83963101,19
2547,MCF10A,BRD-K56301217,20
2548,HELA,BRD-K05804044,18
2549,THP1,BRD-K66538826,18
2550,MCF10A,BRD-K02113016,21
2551,YAPC,BRD-K51544265,20
2552,TMD8,BRD-K71223042,19
2553,THP1,BRD-K40624912,19
2554,MCF10A,BRD-K16478699,20
2555,HS578T,BRD-K93788137,17
2556,YAPC,BRD-K40738845,18
2557,HELA,BRD-K23728141,25
2558,HELA,BRD-K17561142,25
2559,A549,BRD-K82928847,18
2560,HEK293,BRD-K79254416,18
2561,MINO,BRD-A50998626,19
2562,MCF10A,BRD-K53972329,16
2563,HS578T,BRD-A79768653,20
2564,MCF10A,BRD-K05104363,31
2565,HELA,BRD-K32821942,25
2566,HELA,BRD-K16037980,25
2567,A375,BRD-K08799216,18
2568,HELA,BRD-K35589454,25
2569,HELA,BRD-A27376179,24
2570,MCF10A,BRD-K37687095,26
2571,PC3,BRD-K86797399,18
2572,A375,BRD-K42828737,16
2573,BJAB,BRD-K64034691,19
2574,A549,BRD-K86797399,18
2575,THP1,BRD-K19540840,19
2576,HEK293,BRD-K77625799,18
2577,BJAB,BRD-K40624912,19
2578,HS578T,BRD-K37687095,17
2579,HT29,BRD-K99545815,19
2580,HELA,BRD-K25433859,25
2581,HELA,BRD-K16898998,25
2582,OCILY10,BRD-K81418486,19
2583,A375,BRD-K72414522,18
2584,YAPC,BRD-K78431006,16
2585,PC3,BRD-K03449891,18
2586,HEK293,BRD-K59317601,18
2587,HS578T,BRD-K56343971,20
2588,SKBR3,BRD-K68065987,17
2589,SKBR3,BRD-K07667918,20
2590,MCF10A,BRD-K12787259,18
2591,HEK293,BRD-K80700417,18
2592,YAPC,BRD-K12184916,16
2593,XC.L100.L,BRD-K49865102,19
2594,BT20,BRD-K97764662,20
2595,A375,BRD-K80738081,19
2596,MDAMB231,BRD-K92571446,19
2597,HELA,BRD-K34154330,25
2598,PC3,BRD-K40738845,18
2599,MCF10A,BRD-K60866521,18
2600,YAPC,BRD-K36740062,18
2601,A375,BRD-K05104363,20
2602,MCF10A,BRD-K40738845,21
2603,MCF10A,BRD-K99749624,27
2604,THP1,BRD-K25835157,19
2605,HA1E,BRD-K17743125,19
2606,HELA,BRD-K16762525,25
2607,MCF7,BRD-K75308783,16
2608,HELA,BRD-K70511574,17
2609,PC3,BRD-K73319509,18
2610,HA1E,BRD-A12230535,18
2611,MCF10A,BRD-K77625799,18
2612,HUVEC.A,BRD-K79254416,18
2613,THP1,BRD-K07310275,23
2614,A549,BRD-K21718444,18
2615,HEK293,BRD-K12787259,18
2616,TMD8,BRD-K35458079,19
2617,MCF10A,BRD-K58772419,20
2618,HELA,BRD-K36680103,25
2619,HELA,BRD-A08187463,25
2620,MCF10A,BRD-K03063480,16
2621,MCF7,BRD-K93788137,17
2622,HT29,BRD-K82928847,18
2623,PC3,BRD-K57169635,18
2624,HT29,BRD-K11153516,17
2625,HELA,BRD-A25234499,25
2626,HELA,BRD-K15567136,25
2627,HELA,BRD-K23677682,25
2628,MDAMB231,BRD-K57169635,18
2629,JURKAT,BRD-K77625799,18
2630,HA1E,BRD-K20001883,16
2631,MCF10A,BRD-K12502280,16
2632,A375,BRD-K79404599,19
2633,PC3,BRD-K42805893,18
2634,JURKAT,BRD-A58280226,18
2635,HS578T,BRD-K42918627,17
2636,MCF7,BRD-K86797399,18
2637,HT29,BRD-K17743125,18
2638,JURKAT,BRD-K53414658,18
2639,HS578T,BRD-K72414522,16
2640,HT29,BRD-K52313696,18
2641,A375,BRD-K87737963,19
2642,HELA,BRD-K16803204,25
2643,HELA,BRD-K26619122,25
2644,THP1,BRD-K80700417,18
2645,HELA,BRD-K15933101,25
2646,HELA,BRD-K18324993,25
2647,TMD8,BRD-A52530684,18
2648,XC.L100.L,BRD-K59369769,19
2649,HELA,BRD-A18043272,25
2650,MINO,BRD-K81528515,19
2651,HEK293,BRD-K66538826,18
2652,BJAB,BRD-K88510285,25
2653,BJAB,BRD-A09722536,19
2654,HA1E,BRD-K24576554,18
2655,HELA,BRD-K08547377,25
2656,HELA,BRD-K10852020,25
2657,MCF10A,BRD-K57169635,18
2658,YAPC,BRD-K17743125,19
2659,YAPC,BRD-K21718444,18
2660,HS578T,BRD-K92571446,19
2661,HT29,BRD-K53417444,18
2662,YAPC,BRD-K89162000,16
2663,MINO,BRD-K62391742,18
2664,HELA,BRD-K35586044,25
2665,HA1E,BRD-K36740062,19
2666,HA1E,BRD-K56751279,18
2667,HELA,BRD-K17068645,25
2668,PC3,BRD-K53417444,18
2669,MDAMB231,BRD-K80700417,18
2670,HELA,BRD-A09349126,25
2671,JURKAT,BRD-K74514084,18
2672,MINO,BRD-A77216878,19
2673,HELA,BRD-A18611368,25
2674,HT29,BRD-K40738845,18
2675,MDAMB231,BRD-K59317601,18
2676,JURKAT,BRD-K40738845,18
2677,THP1,BRD-K50168500,23
2678,HS578T,BRD-K46056750,19
2679,HELA,BRD-K17705806,24
2680,YAPC,BRD-K09951645,20
2681,HEK293,BRD-K74514084,18
2682,THP1,BRD-K72414522,23
2683,HELA,BRD-K02123250,18
2684,HELA,BRD-K59317601,18
2685,MINO,BRD-K45995181,18
2686,A549,BRD-K37764012,16
